Image Source,Image Alt Text
https://i.pinimg.com/originals/d3/96/9e/d3969e9242152fdeefd3bca45b8943aa.jpg,This contains an image of: Paper Rings | Beck Oliver
https://i.pinimg.com/originals/ca/10/65/ca106569cbb779f3a3550bcb6c710e7a.jpg,"outfit of the day watch now in we heart it! in 2022 | Casual college outfits, Casual style outfits, Fashion outfits"
https://i.pinimg.com/originals/f2/28/eb/f228eb6c265f0f89c8572305446a1707.jpg,Korean casual outfits for women Korean women's fashion Korean casual dresses for women Korean casual tops for women Korean casual skirts for women Korean casual pants for women Korean casual jumpsuits for women Korean casual blouses for women Korean casual knitwear for women Korean casual outerwear for women Korean casual footwear for women Korean casual accessories for women Korean casual fashion trends for women Korean casual street style for women Korean casual fashion inspiration for women
https://i.pinimg.com/originals/41/ba/51/41ba517ea26381ebd1673bf036a69689.jpg,This contains an image of: College Tour Outfits: 34 Ideas What to Wear on College Tour?
https://i.pinimg.com/originals/55/9a/00/559a00d4c769dfd063b98d083edb318a.jpg,This contains an image of: 
https://i.pinimg.com/originals/c2/09/cb/c209cbc1a3949d211721839ce2d7454b.jpg,This contains an image of: 
https://i.pinimg.com/originals/ff/c6/79/ffc6790913fca0de29b0fba735aad8ec.jpg,This contains an image of: College Outfits For Girls 2023: 65+ Cute And Easy To Copy Ideas
https://i.pinimg.com/originals/d5/bc/9e/d5bc9eeb4b8f059b5425d546a0d35921.jpg,style_trails on Instagram: College Fits 5/7 üíó Rate the outfit for me ‚ú® Outfit Details: Night Suit : @duskattire Cammy : @myntra Shirt : Bandra Hill Road Jeans :‚Ä¶
https://i.pinimg.com/originals/8a/ea/13/8aea13ae057a80f4d6a3698d4b718cd4.jpg,This contains an image of: Nabila
https://i.pinimg.com/originals/e4/02/5e/e4025e920338b25773eec02dbf9d22fd.jpg,Street Style Dresses with Hijab for Girls
https://i.pinimg.com/originals/4c/fa/fe/4cfafed4aab55505b15ef62db1fa5376.jpg,This contains an image of: TUTORIAL KOREAN OUTFIT|2022
https://i.pinimg.com/originals/2c/35/bd/2c35bdffcbaba789b488313cb0d219e5.jpg,This contains an image of: 
https://i.pinimg.com/originals/15/05/7b/15057b01c9f7b6ba55f3ae31f3178283.jpg,#aesthetic #pinterest #inspiration #aestheticfeed #instagram #ootd #outfit #fit #casual #streetstylestore
https://i.pinimg.com/originals/2b/59/ba/2b59bab70c3549e1b98ba02ce456d9c4.jpg,"So, you're wondering, ""What should I wear to class? If small dresses, sleeveless shirts, and shorts are prohibited? Don't worry, though! Well, don‚Äôt worry! This college outfit ideas are dress code friendly that it shouldn't be difficult for you to seem cute and comfy while attending class. |college, college outfits, outfit ideas, casual wear, casual outfits, school fits #college #outfits #outfitideas #collegeoutfit"
https://i.pinimg.com/originals/9a/92/59/9a9259ca5f8af935c0a485c5bee38a4b.jpg,This contains an image of: 
https://i.pinimg.com/originals/1c/1f/3f/1c1f3f61e8ea0c4526706ee8041c553a.jpg,This contains an image of: 
https://i.pinimg.com/originals/cf/ec/58/cfec580bf8672c7260a03bfd4aaea156.jpg,This contains an image of: Modest Fits
https://i.pinimg.com/originals/10/0b/5f/100b5f4370eb7bcdeb64734392eac5ba.jpg,This contains an image of: College Outfits For Girls 2023: 65+ Cute And Easy To Copy Ideas
https://i.pinimg.com/originals/02/fc/e4/02fce4def900e30906352f0d473b7f19.jpg,This contains an image of: 
https://i.pinimg.com/originals/3c/c6/b0/3cc6b0a2f546d162eb04f7c609c574fe.jpg,This contains an image of: College Outfits For Girls 2023: 65+ Cute And Easy To Copy Ideas
https://i.pinimg.com/originals/95/19/41/951941e82e1e9eb8f1103df2ce453f97.jpg,This contains an image of: 30 Cute College Outfit Ideas Every College Girl Will Love
https://i.pinimg.com/originals/11/dd/f9/11ddf9ac787e6bf3f0bd14bf7cb47b36.jpg,style_trails on Instagram: College Fits 2/7 üñ§ Outfit Details: Top : @janasyaclothing Jeans : @sassafrasindia Earrings : @akosindia Watch : @jokerandwitch Bag :‚Ä¶
https://i.pinimg.com/originals/5f/d6/c8/5fd6c8c434c009d33570d035329a5950.jpg,This contains: Spring outfit idea : wide baggy jeans  oversized shirt
https://i.pinimg.com/originals/d4/13/a9/d413a9c6ee0ac701f4bba3bdf35f5d0f.jpg,This contains: Oufit
https://i.pinimg.com/originals/24/33/44/24334425cca74f7eca6108f41a579306.jpg,This contains an image of: Chic outfits to rock at ur college!!!
https://i.pinimg.com/originals/ee/54/da/ee54da2d56d8a3e1fe3cba6d28885b0d.webp,College Outfits : 62 Easy Outfit Ideas to Copy Now! - MorningKo
https://i.pinimg.com/originals/a0/2a/22/a02a22950509d06b167f889df5213016.jpg,"This contains an image of: Couple Builds Sleek, Modern Tiny Home, People Are Calling It 'Most Beautiful Tiny Home Ever'"
https://i.pinimg.com/originals/03/a5/94/03a59457d2f2ece3eff9eb898192191c.jpg,Korean casual outfits for women Korean women's fashion Korean casual dresses for women Korean casual tops for women Korean casual skirts for women Korean casual pants for women Korean casual jumpsuits for women Korean casual blouses for women Korean casual knitwear for women Korean casual outerwear for women Korean casual footwear for women Korean casual accessories for women Korean casual fashion trends Korean casual fashion tips for women Korean casual fashion for different body types korean
https://i.pinimg.com/originals/a3/aa/bf/a3aabf3ded0fbe8a8b9115234f7f1cc2.jpg,This contains an image of: Beautiful girls photos || face hide poses for girls|| Girls photography ideas#Ipz
https://i.pinimg.com/originals/e4/97/72/e497721082c2d916e202be4725e292d4.jpg,This contains an image of: 35 Cute Spring Outfits You'll Want To Copy In 2022
https://i.pinimg.com/originals/06/ad/07/06ad07ff9de9fbbdbd8cb374fb720241.jpg,This contains an image of: outfit of the day watch now in we heart it! in 2022 |
https://i.pinimg.com/originals/92/92/87/929287e3a7e24d9cd53b98513553a881.jpg,This contains an image of: 
https://i.pinimg.com/originals/6a/ff/7a/6aff7afa2615aeaf490e18ad4049eaf8.jpg,This contains an image of: autumn outfits
https://i.pinimg.com/originals/6a/5b/69/6a5b69abe9533f0b125daebc428af746.jpg,This contains an image of: outfit of the day watch now in we heart it! in 2022 |
https://i.pinimg.com/originals/9d/7f/87/9d7f87a009d4fe269d7560bead1feec3.jpg,This contains an image of: College Outfits For Girls 2023: 65+ Cute And Easy To Copy Ideas
https://i.pinimg.com/originals/cf/c8/2b/cfc82b5fd338a446f664118dd639b3f7.jpg,This contains an image of: ÿ®ŸäŸÜ ŸäÿØ ÿ≤ÿπŸäŸÖŸá ŸÖÿßŸÅŸäÿß
https://i.pinimg.com/originals/b2/89/f4/b289f4bbd8b6915a6d2505999998f888.jpg,This contains an image of: Nabila
https://i.pinimg.com/originals/45/96/b1/4596b107780533311fb10b61a8b86aa6.jpg,This contains an image of: CAN'T YOU BE MINE !  ‚Ä¢KTH FF‚Ä¢
https://i.pinimg.com/originals/e3/15/18/e315183b7783baed5f1bde592d721e72.jpg,"This contains an image of: Casual Indian Outfitsüíó | Casual indian outfits, Casual outfits, Indian fashion"
https://i.pinimg.com/originals/a2/af/30/a2af30ec3ae9ad9ad94beedcb534df04.jpg,This contains an image of: Aesthetic outfit for today ‚ù§Ô∏è
https://i.pinimg.com/originals/ba/5e/b2/ba5eb23e8efe6c754351202eaa2af51d.jpg,This contains an image of: 
https://i.pinimg.com/originals/c2/6e/ab/c26eab811a2a22c55017f0e1f53e1019.jpg,This contains: Mirror picture aesthetic. Outfit ideas for trendy fits with neutral style aesthetic
https://i.pinimg.com/originals/39/69/69/39696938007028766ce456f7ff2fac1d.jpg,"This contains an image of: 30 Cute College Outfit Ideas Every College Girl Will Love - Love, Sofie"
https://i.pinimg.com/originals/0e/c9/8a/0ec98ad16075025fe0a03aaf6aa02b1f.jpg,Korean casual outfits for women Korean women's fashion Korean casual dresses for women Korean casual tops for women Korean casual skirts for women Korean casual pants for women Korean casual jumpsuits for women Korean casual blouses for women Korean casual knitwear for women Korean casual outerwear for women Korean casual footwear for women Korean casual accessories for women Korean casual fashion trends for women Korean casual street style for women Korean casual fashion inspiration for women
https://i.pinimg.com/originals/91/59/23/91592325367048b4bcbb73676193914c.jpg,This contains an image of: Baggy clothes/Brown hoddie/aesthetic style/vintage type
https://i.pinimg.com/originals/99/3b/10/993b100a9e21f946bedf64ef37cf8ad7.jpg,12 Outfits para chicas j√≥venes que quieren verse m√°s maduras
https://i.pinimg.com/originals/37/72/2d/37722d5eb38c4a117abdb7f8976f8850.jpg,This contains an image of: 
https://i.pinimg.com/originals/df/7c/99/df7c9919811167120b3401119b0d3969.jpg,"This contains an image of: Pin by ;) on fits | Everyday casual outfits, Casual day outfits, Casual college outfits"
https://i.pinimg.com/originals/35/da/c7/35dac7fde8cc38c2e26bdf5bc302d60b.jpg,This contains an image of: outfit of the day watch now in we heart it! in 2022 |
https://i.pinimg.com/originals/80/93/f5/8093f5d033815007009d0b6ec2353f86.jpg,This contains an image of: Hwasa
https://i.pinimg.com/originals/8e/bd/1e/8ebd1e340fccc07777245c513988cedf.jpg,This contains an image of: Love with filter ‚ù§Ô∏è
https://i.pinimg.com/originals/68/b5/07/68b507820ab8e55d06b8f3cfe9f67e62.jpg,This contains an image of: 
https://i.pinimg.com/originals/ae/cd/12/aecd122cc5ab977cb81cc0249ee22191.png,This contains an image of: QR || Born Qazaq 
https://i.pinimg.com/originals/e6/cc/00/e6cc006b4ed276a48da0b688b3711b06.jpg,This contains an image of: Image in OUTFITS collection by Clara on PINTEREST
https://i.pinimg.com/originals/19/0e/f6/190ef64a7e2f9059b96a35cfa3e1f83e.jpg,"Pin by AimitaüéÄ on Outfits | Fashion outfits, Casual style outfits, Casual college outfits"
https://i.pinimg.com/originals/e0/3c/03/e03c03ab4d5de44afe067abf45fb2313.jpg,This contains an image of: miss autumn
https://i.pinimg.com/originals/1b/65/17/1b6517ca0d854c043bb519aa0eff6e76.jpg,This contains an image of: 62 Chic Aesthetic College Outfit Inspo for Summer Look ~Moringko
https://i.pinimg.com/originals/8b/b4/14/8bb414eefe28fc49d16deb43999d13b2.jpg,This contains an image of: College Outfits For Girls 2023: 65+ Cute And Easy To Copy Ideas
https://i.pinimg.com/originals/19/09/bc/1909bc19fde51f16af4de21c731ad686.jpg,This contains an image of: Business Casual Outfits
https://i.pinimg.com/originals/37/2b/5b/372b5bad4d1856b519f6d7c6c3aca5ed.jpg,This contains an image of: 
https://i.pinimg.com/originals/34/02/be/3402be7a50df24fb6de2d98db2fb2046.jpg,This contains an image of: College Outfits For Girls 2023: 65+ Cute And Easy To Copy Ideas
https://i.pinimg.com/originals/7b/5b/26/7b5b263f5bad6d847f809ecb9c286dfc.jpg,Cutest Casual Outfits Must Have In Every Girls Closet
https://i.pinimg.com/originals/e6/e0/c1/e6e0c1dad67c7a1b889fde0ffbffe2b6.webp,This contains an image of: Colloge Outfits for Girl : 62 Simple and Cute Outfit Ideas To Copy Now!
https://i.pinimg.com/originals/ac/46/e4/ac46e433f4d37f01598220a1a4bdee1b.jpg,"This contains an image of: 27 Casual and Fashionable College Outfit Ideas You Need to Try - Love, Sofie"
https://i.pinimg.com/originals/8a/ff/b5/8affb5d46e97e253f5db31ad44062766.webp,This contains an image of: Colloge Outfits for Girl : 62 Simple and Cute Outfit Ideas To Copy Now!
https://i.pinimg.com/originals/ae/67/d3/ae67d3525089bbfd645503c7dba4ec13.jpg,This contains an image of: Aesthetic Fall Outfits Ideas üçÇüß°üçÅ
https://i.pinimg.com/originals/7b/5c/6e/7b5c6e8bbce165edebf8cd2f8b03eca1.jpg,This contains an image of: Trendy Summer Outfit Ideas for Women 2023 | Stay Cool & Fashionable | women fashion additction
https://i.pinimg.com/originals/28/e3/f6/28e3f61903ec3216e34c5d768f9de3ff.png,"This contains an image of: 5 outfits con tenis para ir a trabajar, lucir c√≥moda y elegante todo el d√≠a"
https://i.pinimg.com/originals/08/0d/d8/080dd87eb880ace123664e928c148973.jpg,This contains an image of: ü™ê
https://i.pinimg.com/originals/16/5e/ae/165eae43a215fcf004351142f2406bd8.jpg,This contains an image of: Mirror selfie
https://i.pinimg.com/originals/45/8a/2b/458a2b56545e2059b3ec96ed9e850fb1.jpg,Collection of outfit ideas to inspire you fashion looks and make you feel comfortable wearing great combinations of clothes.
https://i.pinimg.com/originals/4f/a3/6c/4fa36ca12e2bcca35c33c3306dcc38e5.jpg,This contains an image of: What To Wear On College Visits | 13 Trendy College Outfit Ideas - Its Claudia G
https://i.pinimg.com/originals/c6/64/f3/c664f301a62ec761b486bb905ae0d123.jpg,This contains an image of: 27 Casual and Fashionable College Outfits You Need to Try
https://i.pinimg.com/originals/50/4c/11/504c1139a6978a539184c8f4f90f3be2.jpg,This contains an image of: CLICK HERE! üíå
https://i.pinimg.com/originals/55/a8/fc/55a8fc0a394061fb82148e562611b45e.jpg,This contains an image of: New Korean Outfit ideas for Girls
https://i.pinimg.com/originals/de/88/eb/de88eb815f1f0999ce77985ddc8b7e34.jpg,"This contains an image of: Pin by ket Candido on moda | Modest fashion outfits, Fashion outfits, Modest outfits"
https://i.pinimg.com/originals/14/b7/80/14b780c4b9ab59c7b9e14fb897b6b78d.jpg,"This contains an image of: Pin by ùîêùî¨ùî•ùîûùî™ùî™ùî¢ùî° ùîêùî≤‚Ñ®ùîûùî™ùî™ùî¶ on Esha kansara Kittu‚ô°...‚ô° | Cute outfits with leggings, Casual college outfits, Modest fashion outfits"
https://i.pinimg.com/originals/af/44/e9/af44e989836bc0705a17597b810712c2.jpg,"This contains an image of: Pin de Mayi en Out-fit en 2022 | Ropa, Moda de ropa, Ropa vintage"
https://i.pinimg.com/originals/f6/57/c6/f657c6670edb0e79c68e651008f2ced4.jpg,This contains an image of: 50 People Who Have Their Own Definition Of Fashion
https://i.pinimg.com/originals/95/ca/69/95ca6947cd2696b79282be31f058c9b2.webp,This contains an image of: Colloge Outfits for Girl : 62 Simple and Cute Outfit Ideas To Copy Now!
https://i.pinimg.com/originals/fa/27/9c/fa279c68703624df5d5012e13306020b.png,This contains an image of: Colloge Outfits for Girl : 62 Simple and Cute Outfit Ideas To Copy Now!
https://i.pinimg.com/originals/6f/da/cd/6fdacd8da1a99c53e267e84dd40c2fc5.jpg,This contains an image of: outfit idea korean style.watch my tiktok account for your inspiration outfit
https://i.pinimg.com/originals/86/8c/48/868c482e46c2a0c35b1251eaa68f8321.jpg,This contains an image of: 
https://i.pinimg.com/originals/c0/14/7a/c0147a598701db701b0413556984ad56.jpg,This contains an image of: fashion
https://i.pinimg.com/originals/78/0b/07/780b07d13f95b62fb71f468ba9377c7a.jpg,This contains an image of: Summer fancy outfit
https://i.pinimg.com/originals/05/00/95/050095b97ccd47bf30f0e15176b923d8.jpg,This contains an image of: ÔΩìÔΩéÔΩèÔΩó
https://i.pinimg.com/originals/91/44/8c/91448cda93210197ace70dd2b4911c6d.jpg,This contains an image of: Casual Outfit | Women Pants Casual Classy
https://i.pinimg.com/originals/c1/be/69/c1be697b14da9dbf016f8dc08abe02db.jpg,This contains an image of: fit
https://i.pinimg.com/originals/68/ed/6d/68ed6d2aab6cad0472ca426cd0a89c28.jpg,This contains an image of: Style 1
https://i.pinimg.com/originals/1d/53/06/1d53067397699d6242a134b75d704031.jpg,"This contains an image of: Trendy Outfit Ideas <3;)ü¶ã‚ú®üî• | Casual day outfits, Casual style outfits, Casual outfits"
https://i.pinimg.com/originals/aa/76/83/aa76831e62055660a10c12aadb2953e6.jpg,This contains an image of: 
https://i.pinimg.com/originals/fe/56/6e/fe566e5c10d2d01f0813fd09349c7420.jpg,This contains an image of: Korean style outfit
https://i.pinimg.com/originals/da/06/94/da0694b861cb62e589bd0892b09d72ae.jpg,This contains an image of: 
https://i.pinimg.com/originals/c2/f1/f7/c2f1f7234dbc9112ac7f6a76b4af067e.jpg,This contains an image of: 
https://i.pinimg.com/originals/13/33/f5/1333f59bd7192463ac317f29b898b281.jpg,This contains an image of: 
https://i.pinimg.com/originals/29/36/30/293630b770e276a51bfc5f5e7ccb925a.jpg,This contains an image of: College Outfits For Girls 2023: 65+ Cute And Easy To Copy Ideas
https://i.pinimg.com/originals/85/e8/e0/85e8e0a68724ad4dd15c17e05affe5f0.png,This contains an image of: College Outfits For Girls 2023: 65+ Cute And Easy To Copy Ideas
https://i.pinimg.com/originals/81/dc/3d/81dc3df06431ddc2fe5ed9459a6f29a3.jpg,"This contains an image of: winter outfits ideas, winter outfits 2022,#winteroutfits"
https://i.pinimg.com/originals/49/09/50/490950a163ab8641616f8e844537c42f.jpg,This contains an image of: Outfit inspo
https://i.pinimg.com/originals/fb/e0/70/fbe070baf6d3175ba5e0a97524b18764.jpg,This contains an image of: 
https://i.pinimg.com/originals/96/ce/47/96ce475baa293c0b9b971ff9218eabad.jpg,This contains an image of: outfit of the day watch now in we heart it! in 2022 |
https://i.pinimg.com/originals/c8/be/d8/c8bed8396523bfee659be0a48269d3e4.jpg,College Outfits For Girls 2022: 65+ Cute And Easy To Copy Ideas
https://i.pinimg.com/originals/f0/16/fb/f016fb6de6141266f08f16c027b74a5c.webp,This contains an image of: Colloge Outfits for Girl : 62 Simple and Cute Outfit Ideas To Copy Now!
https://i.pinimg.com/originals/89/2b/4c/892b4ce36c2c8d35888008076cea1e8c.png,This contains an image of: Wardrobe Essentials for College Girls 2020
https://i.pinimg.com/originals/79/b4/8b/79b48b39150ad8e32f4231c5f799c4ac.jpg,This contains an image of: College Girl Outfits : 62 Simple and Cute Outfit Ideas to Copy Now
https://i.pinimg.com/originals/a7/bf/95/a7bf9501bf8e6e97d8a0456ae41cb76b.jpg,This contains an image of: MY CEO HUSBAND
https://i.pinimg.com/originals/ae/e0/e6/aee0e6da51b72f158a412511dffd28ab.jpg,This contains an image of: 
https://i.pinimg.com/originals/7c/94/78/7c94784fd292299bfa0dd592a12aa0b5.jpg,This contains: Girl
https://i.pinimg.com/originals/10/69/87/106987a4f8abfafbeb1c2958a0a54965.jpg,This contains an image of: outfit korean style | korean style outfits | ootd korean style
https://i.pinimg.com/originals/d7/84/c3/d784c3bf4e5015be88ddf673fe917d21.jpg,Girl hide face selfie photo for Instagram Snapchat mirror selfie
https://i.pinimg.com/originals/da/30/b0/da30b0aac0e9c4ea328f5714df676c06.jpg,This contains an image of: ùêå ùêÄ ùêÉ ùêô
https://i.pinimg.com/originals/36/50/73/365073d999728819f4805da21df81003.jpg,"This contains an image of: Pin by Nonik Yudiani on Fashion | Casual college outfits, Casual style outfits, Casual day outfits"
https://i.pinimg.com/originals/e6/2c/22/e62c22dea5f35572a6eeaf1e6d3a123b.jpg,This contains an image of: simple outfit ideas
https://i.pinimg.com/originals/23/ad/2b/23ad2bb9ead9a199ab0d006e9abc1cf6.jpg,trends outfits summer trending outfits 2023 summer summer trending outfits 2023 spring summer trending outfits 2023 summer summer outfit outfit ideas trending outfits for school fashion outfit cute outfit trendy outfit ideas trendy outfits summer trendy outfits fall outfits school summer outfits schools summer outfit school summer outfit schools summer outfit ideas for school outfit for school cute work outfit outfit school graduation outfit graduation outfits graduation party ideas graduation
https://i.pinimg.com/originals/07/ef/de/07efdec76b082318e7d3cbcd09a3a7c5.jpg,Style inspo by @kellyydoan on insta
https://i.pinimg.com/originals/4d/80/1f/4d801f9176334dfeccf1c615e404c9db.jpg,This contains an image of: 90+ Cute Casual College Outfit Ideas [2023] You Will Love
https://i.pinimg.com/originals/2a/a8/80/2aa880ae7a7848e5002d47d1b396fed0.jpg,This contains an image of: ü§éthis is THE COLOR
https://i.pinimg.com/originals/2a/e7/2a/2ae72a5ffa361a5e1592ba5ede87bba1.jpg,"If you are looking for casual and comfortable outfit ideas to look trendy, cute and presentable, then these school girl outfits are great for you."
https://i.pinimg.com/originals/bc/25/f9/bc25f937a041c5e59550b73488906d9d.jpg,This contains an image of: Here Are 15 Effortlessly Stylish & Comfy Winter 2022 Outfits To Copy
https://i.pinimg.com/originals/0e/ba/f5/0ebaf537e6161e130e50d87f2bc9b428.jpg,This contains an image of: Colloge Outfits for Girl : 62 Simple and Cute Outfit Ideas To Copy Now!
https://i.pinimg.com/originals/8d/98/d7/8d98d780c9ab6d0b42bbeb4f2e7ff88d.jpg,This contains an image of: ig: @madyguevara_
https://i.pinimg.com/originals/23/e5/d3/23e5d35f7cac2470eada24ca49b84b0f.jpg,"This contains an image of: Pin de rosie en looks | Moda de ropa, Ropa de moda, Ropa juvenil de moda"
https://i.pinimg.com/originals/07/13/b6/0713b6b1fda3d103c07ccb96cc89ea62.jpg,This contains an image of: Pin/Sandhyaüíô
https://i.pinimg.com/originals/6a/02/48/6a0248947446fceeaf7d9d9f6a1c5deb.jpg,This contains an image of: Pin on fall outfit inspo
https://i.pinimg.com/originals/c7/14/d0/c714d0207556aa88fe58a77aed6bd1e3.jpg,This contains an image of: OOTD
https://i.pinimg.com/originals/1b/35/62/1b3562eee3250d41210c5a7cac017ad6.jpg,This contains an image of: How to Style Your College Look: 62 College Girl Outfit Inspiration to Show
https://i.pinimg.com/originals/25/f2/66/25f266c8fb77e4aac7c469a56a9928c2.jpg,This contains an image of: dress ideas fasion for girls
https://i.pinimg.com/originals/0a/2e/f4/0a2ef4ae2c6cf324f78e297c2d49889c.jpg,So many cute outfits for college girls on this list! So excited to copy some of these when I go to college
https://i.pinimg.com/originals/ce/10/be/ce10be35a994d3949d27d17435fbe9e7.jpg,"This contains an image of: Pin de Shley Tan en Lina wissem en 2022 | Moda de ropa, Ropa est√©tica, Ropa de moda"
https://i.pinimg.com/originals/b5/d4/29/b5d42936b36b316bb45c088cf7ba183d.jpg,This contains an image of: Summer casual outfit
https://i.pinimg.com/originals/7e/be/fa/7ebefaa6c2baa3c6f34dc7fca4459613.jpg,This contains: Spring outfit idea : wide baggy jeans  oversized shirt
https://i.pinimg.com/originals/44/1d/44/441d4467f64d7aa070530963896e46f5.jpg,"the cold-climate months are proper across the corner, and whether or not you may be going online from domestic for the the rest of 2020 or from time to time venturing into the office, locating the proper wintry weather outfit for paintings is key. But with regards to dressing for much less than applicable conditions, there are some variables one ought to bear in mind. As a result, bouts of concept may be few and a long way between. Rather than construct your best workwear series from the"
https://i.pinimg.com/originals/dc/d2/af/dcd2af9d1131a842df7f7bbb6903b625.jpg,This contains an image of: 90+ Cute Casual College Outfit Ideas [2023] You Will Love
https://i.pinimg.com/originals/90/c3/17/90c3177d4eb6294c15ddfb0f6a98879a.jpg,"This contains: These are the college capsule wardrobe essentials for students. They are versatile and timeless. Most of the items are easy to wear and comfortable. Learn more on how to build your own college capsule wardrobe, the checklist and get inspired with a visual guide for outfit inspirations!"
https://i.pinimg.com/originals/e7/32/88/e73288a7d42053b0d0918994a2fad502.jpg,This contains an image of: 90+ Cute Casual College Outfit Ideas [2023] You Will Love
https://i.pinimg.com/originals/b0/cc/59/b0cc59c867e4e085d6ea806992d0e23d.jpg,This contains an image of: College Outfits For Girls 2023: 65+ Cute And Easy To Copy Ideas
https://i.pinimg.com/originals/10/97/cb/1097cbcc39b4c6377792ddec6767d350.png,POSES PARA TUS FOTOS EN CUALQUIER LUGAR - Fire Away Paris
https://i.pinimg.com/originals/84/5e/c3/845ec372aa929de1130e40c1785ad420.jpg,"This contains an image of: 10+ tips ph·ªëi ƒë·ªì v·ªõi qu·∫ßn ·ªëng r·ªông che khuy·∫øt ƒëi·ªÉm, si√™u hack d√°ng"
https://i.pinimg.com/originals/8f/cd/94/8fcd946780314ed0334023ff429533f5.jpg,This contains an image of: Outfitslover
https://i.pinimg.com/originals/a8/4f/ee/a84feeed6f565a0fe2ec4c1975ced40d.jpg,This contains an image of: 20 Chic High Top Sneakers Outfit Ideas for Girls
https://i.pinimg.com/originals/b9/1a/eb/b91aeb9d685fb30e60e2eca13393dcf8.jpg,This contains an image of: 81 Most Saved Trouser Pants Outfit Ideas Insights You Need To Know
https://i.pinimg.com/originals/5c/6a/3a/5c6a3a7fe5095e84ccc07f4930f6d43e.jpg,This contains an image of: 
https://i.pinimg.com/originals/80/b1/52/80b15259e395b50d607492295cd098bb.png,This contains an image of: 15 Cute Spring 2023 Outfits That Deserve a Spot on Your IG Feed
https://i.pinimg.com/originals/f4/c3/3f/f4c33f9fed71642b3bd45f3db43528ff.jpg,This contains an image of: Outfit ideas
https://i.pinimg.com/originals/7e/d5/a9/7ed5a9d4989d2dad7bed8450954aa81a.jpg,This contains an image of: 
https://i.pinimg.com/originals/50/a2/87/50a287524c2b1b400dacefc11133859f.jpg,This contains an image of: 
https://i.pinimg.com/originals/c2/1c/f1/c21cf157cb2aedccf6d1ed93300e03b1.jpg,This contains an image of: simple outfit ideas
https://i.pinimg.com/originals/f2/d6/f4/f2d6f4138464433132d571c940cf5fbe.jpg,This contains an image of: outfit of the day watch now in we heart it! in 2022 |
https://i.pinimg.com/originals/11/6e/b0/116eb0fe26c49c106a165148d933bec3.jpg,This contains an image of: outfit of the day watch now in we heart it! in 2022 |
https://i.pinimg.com/originals/ec/14/10/ec14100c6a04818e0af458fafc5087dc.jpg,This contains an image of: 80 Wonderful Outfits For College Year 2022 ‚Ä¢ Styles Overdose
https://i.pinimg.com/originals/1f/54/5a/1f545a4b5ac78f1a9fa7d818fddd0a56.jpg,This contains an image of: 60+ College Outfits Inspiration For Casual Chic Style ~Morningko
https://i.pinimg.com/originals/43/27/11/432711c0cf9f2cedd40a48adec63a3f9.jpg,This contains an image of: 
https://i.pinimg.com/originals/87/b5/6d/87b56df3c50a5d91949b7228f9d3e6fd.jpg,This contains an image of: Summer casual outfit
https://i.pinimg.com/originals/74/f6/f7/74f6f74831be784ee88a4b6c49c1f26f.jpg,This contains an image of: warm weather staple: minimal flip flops
https://i.pinimg.com/originals/45/a8/75/45a8752580b4a88a9192802fc604a402.jpg,This contains an image of: OK she is awesome
https://i.pinimg.com/originals/27/3f/7d/273f7dc23a9604d33f981602d19405af.jpg,This contains an image of: 22+ Comfy College Outfits
https://i.pinimg.com/originals/8d/63/dc/8d63dce1807fb801c1454e307baeb387.jpg,This contains an image of: 100+ fashion inspo outfits that you have to see no matter what your style is - Artist Hue
https://i.pinimg.com/originals/c1/81/da/c181da382eff6e6d2415021d8a527d77.jpg,This contains an image of: College Outfits For Girls 2023: 65+ Cute And Easy To Copy Ideas
https://i.pinimg.com/originals/09/17/e3/0917e310c3c66c8918fc974d127bc685.jpg,This contains an image of: College Outfits For Girls 2023: 65+ Cute And Easy To Copy Ideas
https://i.pinimg.com/originals/e9/e4/49/e9e449d3714833665bdf19b46a105099.jpg,This contains an image of: STEPBROTHER - Forbidden Love (Manan Ff)
https://i.pinimg.com/originals/c5/62/79/c562794653e3957528103c40055755b0.jpg,Moda look feminino inspira√ß√£o
https://i.pinimg.com/originals/26/52/b1/2652b119773b0a703a8d5d195ffdbce3.jpg,This contains an image of: stylish outfits for summer
https://i.pinimg.com/originals/fa/3c/d2/fa3cd2b09714607cce6f6723f360eb14.jpg,"on se retrouve aujourd'hui pour une nouvelle vid√©o mode ! Je vous dis tout sur comment s'habiller quand on est ronde ou avec du ventre. Et n'oubliez pas que m√™me si je vous partage plusieurs conseils mode, le plus important est d'apprendre √† aimer votre corps pour porter ce que vous aimez ‚ù§Ô∏è"
https://i.pinimg.com/originals/1d/1d/67/1d1d67e4e02786f3f389cc175a6714aa.jpg,"This contains an image of: Outfit ideas en 2022 | Moda de ropa, Ropa casual elegante, Ropa"
https://i.pinimg.com/originals/90/47/e3/9047e3dac415b23c626f6a96dcb34840.png,"15 cute spring outfits 2023 trends inspo & summer outfit ideas perfect for your Instagram feed. Outfits for every aesthetic: smart casual work outfit, prom outfits, date outfits, and girl's night out outfits. Women's #fashion #style #spring #summer #ootd #outfit"
https://i.pinimg.com/originals/b4/43/ef/b443efbc4b5f4e1ecbccba5a93e79b9b.jpg,"This contains an image of: minimalistic summer outfit | small top big pants | Casual outfits, Fashion, Fashion inspo outfits"
https://i.pinimg.com/originals/10/f7/a7/10f7a7ef193c1e0ada039b0ceb3ac92b.jpg,This contains an image of: 
https://i.pinimg.com/originals/7a/68/e2/7a68e27478e35d963bd05c76a747c4f5.jpg,This contains an image of: 
https://i.pinimg.com/originals/ea/59/0b/ea590b15d6b8550158ea1e538649a1db.jpg,"This contains an image of: Pin by hongngoc on Fashion | Elegant fashion outfits, Stylish work outfits, Casual college outfits"
https://i.pinimg.com/originals/f3/ed/46/f3ed46f7ed0bdea1b622798c26b18679.jpg,"This contains an image of: outfit for daily | Korean outfit street styles, Casual outfits, Korean fashion"
https://i.pinimg.com/originals/13/1e/5d/131e5df1c04bcfa3f629a51446879f2d.jpg,This contains an image of: ‚Äî üñá m i c h y
https://i.pinimg.com/originals/57/3c/8a/573c8a312c03a8a52df8be1b067a6897.jpg,College Outfits For Girls 2022: 65+ Cute And Easy To Copy Ideas
https://i.pinimg.com/originals/76/d4/90/76d49020e9f295082cc0f36b9303e78b.jpg,This contains an image of: causal outfit ideas fashion styling inspo 2023
https://i.pinimg.com/originals/0d/ca/ea/0dcaea93688ba9095f5a12afcd1373a3.webp,College Outfits : 62 Easy Outfit Ideas to Copy Now! - MorningKo
https://i.pinimg.com/originals/27/21/22/272122d651f68ca5f40bff7811838c4e.webp,This contains an image of: Colloge Outfits for Girl : 62 Simple and Cute Outfit Ideas To Copy Now!
https://i.pinimg.com/originals/9e/92/5b/9e925bea318721278c68511d65c73e15.jpg,This contains an image of: dress ideas fasion for girls
https://i.pinimg.com/originals/d5/f0/8d/d5f08dc5a396000471a53da289463684.jpg,"This contains an image of: Pin by nano on dress ŸÑŸêÿ®ÿßÿ≥ | Korean fashion, Korean casual outfits, Korean outfits"
https://i.pinimg.com/originals/92/9b/af/929baf80f2fe9c7f05751d4cb1784f77.jpg,This contains an image of: TikTok ¬∑ Lailany Sota
https://i.pinimg.com/originals/fc/a2/8b/fca28b684c9924ccc14aaadf1eedad85.jpg,This contains an image of: The Girl Upstairs
https://i.pinimg.com/originals/37/de/89/37de894c772a9ebbac54f88c902cc4b4.jpg,"look, faculdade, universidade, inspira√ß√£o, ideia, ideias de look, outfit, looks, style"
https://i.pinimg.com/originals/15/e3/2b/15e32baaa28bf611dcd9d37c7a3dbeb1.jpg,This contains an image of: College vintage outfit inspiration
https://i.pinimg.com/originals/f4/28/89/f42889654cc6e310a632cd3058809eda.jpg,This contains: Girl wearing net black chikankari kurti with white detailing
https://i.pinimg.com/originals/7b/9c/82/7b9c82334869e451df1feb9e9c2e982b.jpg,This contains an image of: College Outfits For Girls 2023: 65+ Cute And Easy To Copy Ideas
https://i.pinimg.com/originals/3d/50/98/3d5098dbfa3fcade5e2c0d4a211143d6.jpg,"This contains an image of: Pin de Aditi Bhatnagar en Pins by you | Moda de ropa, Ropa est√©tica, Ropa de moda"
https://i.pinimg.com/originals/80/c6/75/80c675239374f9e49b627f3648415565.jpg,This contains an image of: Karla Abelenda: 15 Looks estilosos e b√°sicos para o dia a dia
https://i.pinimg.com/originals/d9/5a/e4/d95ae4212196963525d60c3eb24aa8f0.jpg,This contains an image of: 
https://i.pinimg.com/originals/38/ee/1c/38ee1ce7beb56156c7e486192a67aeb8.jpg,This contains an image of: Google
https://i.pinimg.com/originals/ed/0f/79/ed0f7921382df389f7026dd171beb72d.jpg,This contains an image of: Aesthetic outfit ideas March Edition - Aesthetic Outfits ‚ú®üåª
https://i.pinimg.com/originals/67/32/80/673280030fceb5fa9591fe955b96a3d2.png,This contains an image of: Fashion Women Jeans Camouflage Cargo Pants Plaid Jeans Plus Size Cargo Pants - College Outfits
https://i.pinimg.com/originals/0e/c4/f8/0ec4f8010f6a7214650ba1d74f66363b.jpg,This contains an image of: 
https://i.pinimg.com/originals/46/7c/cf/467ccf7e07677b9268c2a9a56ca237fa.jpg,"Se voc√™ est√° em busca do seu estilo pessoal, pode trope√ßar em alguns erros. Alias, √© muito comum que a gente ache que est√° acertando, mas na verdade est√° errando feio! Ent√£o pra voc√™ n√£o ficar perdida e encontrar o seu estilo com mais facilidade e arrasar, eu preparei uma lista com 5 erros que te impedem de ser estilosa!"
https://i.pinimg.com/originals/04/9e/56/049e56569ff39413b4c3bfe00ceaf019.jpg,This contains an image of: outfit of the day watch now in we heart it! in 2022 |
https://i.pinimg.com/originals/83/df/c9/83dfc9710ac7238383611377efc1718c.jpg,"This contains an image of: Street style aesthetic | Roupas fofas de casal, Roupas de casal que combinam, Moda casal"
https://i.pinimg.com/originals/11/89/10/118910cd44712b8290351bb9e4776298.jpg,This contains an image of: Spring outfits 2023 | Trendy outfit ideas | spring outfits
https://i.pinimg.com/originals/fb/84/48/fb8448dc54844cd397007f89ca4efdf0.jpg,This contains an image of: 
https://i.pinimg.com/originals/3d/b3/35/3db335c3ffdf3ad9b8f8b9fb2d351b6f.jpg,This contains an image of: 
https://i.pinimg.com/originals/9b/3c/f9/9b3cf9ba29de21ceac4ab561cb6b6068.jpg,This contains an image of: fashion outfits
https://i.pinimg.com/originals/07/e1/90/07e1901e21171bf0f16cf3fd61247702.jpg,This contains an image of: 
https://i.pinimg.com/originals/14/d5/4f/14d54f9954b338a9e79b1f61eb257e31.jpg,This contains an image of: @fernandaraamirez
https://i.pinimg.com/originals/94/17/ff/9417ffe49e8e711d7848d4628c8593a0.jpg,This contains an image of: 
https://i.pinimg.com/originals/c9/32/22/c93222db414e6653ca8add281e54f9a3.jpg,This contains an image of: 
https://i.pinimg.com/originals/84/9d/fb/849dfb6ea874c1f676c168ba3f283f67.jpg,This contains an image of: 27 Casual and Fashionable College Outfits You Need to Try
https://i.pinimg.com/originals/a2/56/20/a256203f7980b2cd63798b5441bbcb0e.png,This contains an image of: Wardrobe Essentials for College Girls
https://i.pinimg.com/originals/b2/bd/30/b2bd30e7e3bacd00fe4ab06bff92571c.jpg,This contains an image of: Lucy Hale keeps it Sunday casual as she shops for groceries in LA
https://i.pinimg.com/originals/94/ff/f9/94fff97c307f5d38da8c70ee036225eb.jpg,"This contains an image of: Serra ( 4 episode, Sol Yanim) ü§ç"
https://i.pinimg.com/originals/6a/de/62/6ade628a4565baa40a4844cf3201d149.jpg,This contains an image of: dream garden wedding teenage dream night aesthetic teenage bedroom teenager aesthetic teenagers aest
https://i.pinimg.com/originals/6a/64/79/6a647981fea2e18e71c0d83cad1a89d8.jpg,This contains an image of: That Instagram outfit that you need to wear right now - The Katiquette
https://i.pinimg.com/originals/86/e6/be/86e6be1f12b95bb0bd80991e0b088098.jpg,This contains an image of: Beautiful girls photos || face hide poses for girls|| Girls photography ideas#Ipz
https://i.pinimg.com/originals/ec/6a/0a/ec6a0a7df82a0e4c6beaf1506cf96a08.jpg,This contains an image of: Style
https://i.pinimg.com/originals/81/54/a1/8154a1650629d0e315b359ee0be8386f.jpg,This contains an image of: Sporty Outfits | Trendy Golf Outfits Women Cold Weather
https://i.pinimg.com/originals/c6/43/8a/c6438adf4057583b9879061d5719b3ae.jpg,This contains an image of: casual outfit
https://i.pinimg.com/originals/e7/6c/f2/e76cf293b8f8288f2a218eb09fdaa11b.jpg,This contains: Everyday Outfit jeans and sweatshirt
https://i.pinimg.com/originals/07/76/3e/07763e22ab20cfac3c19989929a13599.jpg,Trendy Outfit Ideas for Spring Summer - Cute Spring Outfits
https://i.pinimg.com/originals/c7/e4/27/c7e4277a30a3bde1e8108ce3d479481d.jpg,This contains an image of: 
https://i.pinimg.com/originals/45/f7/24/45f724085af289d3470af5157035b5a6.jpg,This contains an image of: PS Basics by Pacsun Easy T-Shirt curated on LTK
https://i.pinimg.com/originals/97/41/6d/97416d24300f65e198fed51fa473787e.jpg,This contains an image of: exposure
https://i.pinimg.com/originals/82/c8/f6/82c8f67bbbb51406835006dfdd274330.jpg,This contains an image of: azzhealthy.com
https://i.pinimg.com/originals/82/35/0c/82350cea8fbf61cd996fcf64e48e331e.png,This contains an image of: The Best Summer College Outfit Ideas To Copy
https://i.pinimg.com/originals/ff/33/c8/ff33c8f1743d91410a1a2d10fb3bc53f.jpg,This contains an image of: Soft+bruh tarz kombin
https://i.pinimg.com/originals/e3/b9/41/e3b941a63d11e27ac6184ef47b700ae1.jpg,This contains an image of: 
https://i.pinimg.com/originals/45/0c/2d/450c2d13babd78075f6e030704637da3.jpg,This contains an image of: ag3nda (pietroxnessa
https://i.pinimg.com/originals/21/17/48/21174886f7760cbe4ef9c7524c62453e.jpg,This contains an image of: 
https://i.pinimg.com/originals/e6/2d/d5/e62dd57610b6c74c120a36a937011162.jpg,This contains an image of: 20+ Cute Summer Outfits for Teenage Girls 2023 - Inspired Beauty
https://i.pinimg.com/originals/73/f9/da/73f9dabee31628921070ee0c61243831.png,This contains an image of: 21 Amazing Cute Winter Outfits For School 2023 - Inspired Beauty
https://i.pinimg.com/originals/ac/ed/4f/aced4fca4fe47f61f69ad52d496dd48b.jpg,This contains an image of: Legging Flare Flanelada
https://i.pinimg.com/originals/a9/9d/d4/a99dd4259f68e2128e0d0e7f8b5c8922.png,This contains an image of: 19 BEST CASUAL COLLEGE OUTFITS IDEAS FOR GIRLS IN 2021 | LAZY COLLEGE OUTFITS COMFY | SCHOOL OUTFITS
https://i.pinimg.com/originals/7c/e7/41/7ce741db2e3dac010a7a47ccd0a96ea8.jpg,This contains an image of: Spill outfit ngantor
https://i.pinimg.com/originals/16/39/6c/16396c51050306a74fd7959a1c10311f.jpg,This contains an image of: Mi Reina
https://i.pinimg.com/originals/51/c3/77/51c37767d0a95abc8399be7c05ab52f9.jpg,This contains an image of: Good looking
https://i.pinimg.com/originals/39/52/25/39522582a47b5c93f34ec4c49ad61300.jpg,This contains an image of: 
https://i.pinimg.com/originals/b6/ad/f0/b6adf06d9dac838451a0d041c100eada.jpg,This contains an image of: 
https://i.pinimg.com/originals/15/a3/11/15a31191d54fcc876dbad51878c78a7d.jpg,This contains an image of: Easy work outfit
https://i.pinimg.com/originals/52/6f/34/526f34438e9e753455d18d0754971bee.jpg,This contains an image of: Summer Vibes: Tips and Tricks for Making the Most of the Summer Season
https://i.pinimg.com/originals/42/13/be/4213be03867695a5d906e701e499f073.jpg,This contains an image of: IDE OOTD HIJAB STYLE
https://i.pinimg.com/originals/1a/25/eb/1a25ebe20772b5cb11a1cd1144f280cc.jpg,This contains an image of: western tops | jeans top indian style |Tops with short jeans | tunics tops | western outfits women
https://i.pinimg.com/originals/64/db/b0/64dbb0b64f06e2852409b43ca4e700d1.jpg,This contains an image of: The Cool Shoe Trends London Girls Actually Wear Every Day
https://i.pinimg.com/originals/26/07/27/260727dfeee5b507dea01f78e2bc41c2.jpg,This contains an image of: POSES PARA SALIR PERFECTA EN LAS FOTOS
https://i.pinimg.com/originals/ad/8e/f7/ad8ef7db532767481fd1b8521d958656.jpg,from @/paulinavillanueva on instagram
https://i.pinimg.com/originals/69/68/a5/6968a57540b5a5ad3930ced47706ead1.jpg,This contains an image of: 
https://i.pinimg.com/originals/86/0e/70/860e707c23a68aa7beb27290635bde56.jpg,This contains an image of: 
https://i.pinimg.com/originals/8d/fe/05/8dfe05f691bdfe481546be3844888336.jpg,This contains an image of: college fits - @vivacious.honey
https://i.pinimg.com/originals/b8/b0/f7/b8b0f7c87dd194dc7033fe966f79e5a5.jpg,"This contains an image of: Serra ( 9 episode, Sol Yanim) ‚ù§"
https://i.pinimg.com/originals/5e/48/a6/5e48a68ba60e0492cf704f801176b976.jpg,This contains an image of: 
https://i.pinimg.com/originals/ac/e0/f3/ace0f3b5f8163bfc681273a2599f0e8f.jpg,This contains an image of: 50+ Leena~ Beauty & Outfits (2023)
https://i.pinimg.com/originals/6e/2d/17/6e2d17a633a05f4b5393280976b352d4.jpg,This contains: Modestia; Moda Evang√©lica; Moda Crist√£; Garota Crist√£
https://i.pinimg.com/originals/b1/fd/21/b1fd21eab2814e92a65a0b5976830295.jpg,This contains an image of: 
https://i.pinimg.com/originals/fc/bd/99/fcbd99edd3d0165b2c42c9cf781237d8.jpg,This contains an image of: Outfit ideas
https://i.pinimg.com/originals/15/7b/33/157b33339c2c464fda17894220dc8d60.jpg,This contains an image of: 62 Dropped Off Outfit Ideas for Casual College Look ~Morningko
https://i.pinimg.com/originals/7b/cc/a0/7bcca0aac56f48addd781e63cff1fc9a.png,This contains an image of: 63 Daily Outfit Inspirations for College Girls
https://i.pinimg.com/originals/d3/c1/e9/d3c1e96aed94bd2583ae1457090b1fda.jpg,"This contains an image of: Look of @albadiaz_ from 18 December, 2020 | 21 Buttons"
https://i.pinimg.com/originals/71/85/e9/7185e94fa8c370875f3eea742a815892.jpg,This contains an image of: 
https://i.pinimg.com/originals/3d/eb/17/3deb17ee09c614eb82887911b3fb4bb1.jpg,This contains an image of: Beautiful girls photos || face hide poses for girls|| Girls photography ideas#Ipz
https://i.pinimg.com/originals/5d/95/77/5d95773d007ef78ffbc4c3be4d48493f.jpg,"This contains an image of: Ada ( 3 episode, Baht Oyunu)"
https://i.pinimg.com/originals/c2/c6/91/c2c69132479f88f8ce30af5b7695abc6.jpg,This contains an image of: 90+ Cute Casual College Outfit Ideas [2023] You Will Love
https://i.pinimg.com/originals/15/3e/71/153e714f6f6bc726906c521fa578d325.jpg,This contains an image of: Summer baddie clothing aesthetic
https://i.pinimg.com/originals/cd/11/57/cd1157f34a26832a18daad80dcbf18b8.jpg,This contains an image of: 90+ Cute Casual College Outfit Ideas [2023] You Will Love
https://i.pinimg.com/originals/e1/33/be/e133be995318e34c197b6a97dde8774a.png,If you're wondering what to wear to college classes this is such a good list! So much good college outfit insp
https://i.pinimg.com/originals/42/b3/96/42b396a07a3808cbb0e50874ecc75b58.jpg,This contains an image of: Lavender Sweater + My New Bag
https://i.pinimg.com/originals/b5/46/94/b54694b5daf40d7465a8e95b6696881e.jpg,"""Take my hand and give me a reason to start again""-ùêè‚Ä¢ùêâùêå Copyright‚Ä¶ #fanfiction #Fanfiction #amreading #books #wattpad"
https://i.pinimg.com/originals/19/1c/b8/191cb8d8152b6fe25ccfa3817fa18274.png,This contains an image of: 
https://i.pinimg.com/originals/5b/7a/6e/5b7a6ec44e42e8c260fa1399322fc317.jpg,"This contains an image of: Office outfit | Casual college outfits, Casual style outfits, Korean casual outfits"
https://i.pinimg.com/originals/76/22/b8/7622b889d56f1247428ae41f0e11d2fc.jpg,This contains an image of: 
https://i.pinimg.com/originals/c2/39/d9/c239d96a24e02963be8d6ee6dda22dd5.jpg,"This contains an image of: Pin de Milena Almeida en Atuendo en 2022 | Moda de ropa, Ropa de moda, Ropa est√©tica"
https://i.pinimg.com/originals/ec/13/db/ec13db2f18ae51103922f7933810455c.jpg,This contains an image of: Summer vintage outfit 2021
https://i.pinimg.com/originals/4d/a2/dd/4da2ddd522c3e79d02105fc6b8ff4f1d.jpg,This contains an image of: üßöüèª‚Äç‚ôÄÔ∏èüåøüçÑ
https://i.pinimg.com/originals/95/8e/8e/958e8e1daf50e82bf7f18e8bd7a909e1.jpg,This contains an image of: Ootd
https://i.pinimg.com/originals/3b/e2/7d/3be27d8081a7869a914c9cf226b33230.jpg,"This contains: sweatshirt and jeans outfit, college outfit idea"
https://i.pinimg.com/originals/7b/31/d2/7b31d250e596ef49d709606149447a34.jpg,This contains: Minelli vous propose sa collection d'espadrilles compens√©es pour femme
https://i.pinimg.com/originals/81/cf/9c/81cf9c5d29769f9031532ad9d05129db.jpg,This contains an image of: 20 Fashion Tips &Tricks That Will Change Your Life ‚Äì Sosa Health Blog
https://i.pinimg.com/originals/e1/ab/76/e1ab768a78692a8a95af9a903aee8bf8.png,"This contains an image of: Netflix 'XO, Kitty': Where to Get Kitty Song Covey's Outfits ‚Äî Femestella"
https://i.pinimg.com/originals/a5/59/c0/a559c000fbc307e16de566ddc84432ea.jpg,''Instagram ''
https://i.pinimg.com/originals/54/8c/ee/548ceecf22e632f1b26a4bc55dc8562a.jpg,This contains an image of: 
https://i.pinimg.com/originals/3a/fa/3c/3afa3cf8349cd26fa99de5baeebfb448.jpg,This contains an image of: 90+ Cute Casual College Outfit Ideas [2023] You Will Love
https://i.pinimg.com/originals/2e/c5/dc/2ec5dc2c2be7c879b4645aeddf5d5883.jpg,This contains an image of: Pretty Outfit Style & Inspo 2023~~
https://i.pinimg.com/originals/43/4c/37/434c3778405da0383831f3951695b0c2.jpg,Indigo Shrug ‚Äì Kaira by Nikita
https://i.pinimg.com/originals/f2/c8/86/f2c8862caa81e7b40ec8d58e682c7028.jpg,"This contains an image of: Ada ( 11 episode, Baht Oyunu) üíô"
https://i.pinimg.com/originals/7f/71/02/7f71021e72ef1d94d350e93c8634bf4e.jpg,This contains: lahore escorts
https://i.pinimg.com/originals/21/84/d7/2184d733edd554c2645f96cc7045ec61.jpg,This contains an image of: 45 Most Saved Women Pants Casual Classy Recommendations You Need To Know Instantly
https://i.pinimg.com/originals/3d/d9/4b/3dd94b74db6d5b6928caafb8d5efc36a.jpg,YAY OR NAY? ‚òïÔ∏è Jeans via @ymijeans üåπ Always my fav jeans #ymijeans
https://i.pinimg.com/originals/d4/f4/fa/d4f4fafc35a00f91656c84dcebe4ab1c.jpg,This contains an image of: The Trendiest College Girl Outfit Ideas For This Year
https://i.pinimg.com/originals/1e/2b/bf/1e2bbf67b73f311fdfce5a7dc6940119.jpg,This contains an image of: 
https://i.pinimg.com/originals/3e/97/14/3e971413941ea70d00e63e87287184b8.jpg,This contains an image of: 
https://i.pinimg.com/originals/d6/d4/84/d6d4847fe1dc67d975a9d222cd7b3b1f.jpg,This contains an image of: Autumn 80s clothes 2020
https://i.pinimg.com/originals/fb/2a/b8/fb2ab8a61e923082d56c6bfba60a2fa4.jpg,This contains an image of: 2021 summer outfit
https://i.pinimg.com/originals/a7/1f/47/a71f47ef382ddb57a186a973e240604a.jpg,This contains an image of: Autumn 90s clothing 2021
https://i.pinimg.com/originals/87/ac/4b/87ac4b9f9271d4e2c8a7cb754c0d0b9e.jpg,This contains an image of: 
https://i.pinimg.com/originals/4f/3c/da/4f3cdad17576ac7364baadabd0856992.jpg,This contains an image of: Mari Palma
https://i.pinimg.com/originals/db/ff/31/dbff3194ef2c59ee69aa036c1d0a8007.jpg,This contains an image of: Outfit animal print
https://i.pinimg.com/originals/3e/23/38/3e23387a27bf52375d07e6ab4f6d617e.jpg,This contains an image of: 
https://i.pinimg.com/originals/b4/e5/a4/b4e5a42f4800ad99c134edfb4a09e208.jpg,This contains an image of: 25 Cute Everyday College Outfits You'll Love!
https://i.pinimg.com/originals/8c/86/af/8c86af80e3c30badc61de8fe87c72fa6.jpg,POSES PARA TUS FOTOS EN CUALQUIER LUGAR - Fire Away Paris
https://i.pinimg.com/originals/d8/64/c3/d864c305a6c043806b754772dca104b4.jpg,look-para-faculdade
https://i.pinimg.com/originals/57/85/80/57858025972c1f05bca0340e06cbe19c.jpg,This contains an image of: 
https://i.pinimg.com/originals/b6/0f/ad/b60fad2cac7d7992e3ccd5744bbf646f.jpg,This contains an image of: Autumn Outfit Inspo
https://i.pinimg.com/originals/0b/c9/f4/0bc9f4e150655de48014d33eac281241.jpg,This contains an image of: Summer baddie clothes aesthetic
https://i.pinimg.com/originals/8a/53/f4/8a53f4a38a94606bb21f9bf49df9300f.jpg,This contains an image of: TikTok ¬∑ shaynehydn
https://i.pinimg.com/originals/6c/5b/23/6c5b23bb5a5bcc3e79dcec881d5a141b.jpg,This contains an image of: What to Wear to a College Class: Tips & Outfit Ideas
https://i.pinimg.com/originals/10/3b/c1/103bc136d638ac27247a57d0cbb35f86.jpg,This contains an image of: 30+ College Outfit Ideas For Hanging Around Campus & Going To Class
https://i.pinimg.com/originals/5a/3d/90/5a3d903e3fbe8cfde392f26b025cd558.jpg,This contains an image of: 21 Insanely Cute Summer Outfit Ideas 2021
https://i.pinimg.com/originals/d9/aa/dd/d9aadd76b485e6dd3a2a642a6673a13c.jpg,This contains an image of: Is This Family?
https://i.pinimg.com/originals/d4/3c/04/d43c04a910baa3b60c89b51a34759aff.jpg,This contains an image of: Praveena Dissanayake
https://i.pinimg.com/originals/6b/41/99/6b419998fb568555a1d65b1338ba9825.jpg,This contains an image of: 
https://i.pinimg.com/originals/fc/7c/4f/fc7c4fd08fee2433d8f5d06100b08eb8.jpg,Moda Bran GM: OUTFITS PARA EL PERIODO Y ESTAR C√ìMODAS
https://i.pinimg.com/originals/17/32/ef/1732ef7d9d2b735064522aef6f1c5b00.jpg,This contains an image of: Outfit Idea. Outfit Inspo. Aesthetic Outfit. Style Inspo. Fashion Inspo. GRWM. OOTD
https://i.pinimg.com/originals/b7/41/24/b74124765177cae5f08e9df5056389b6.jpg,This contains an image of: Kendall Jenner's $38 T-Shirt Will Be Your New Favorite Staple
https://i.pinimg.com/originals/f3/af/e8/f3afe8b5f77ce401cee7b2d4df2fd88d.png,This contains an image of: Fashion Noid | Women's Online Apparel Store | Affordable & Cute
https://i.pinimg.com/originals/75/ea/5c/75ea5ced3dab36b6ebffce499e7b270b.jpg,This contains an image of: 20+ Insanely Cute Summer Outfit Ideas
https://i.pinimg.com/originals/aa/bb/9c/aabb9cb5e41fd30c26249144fea61529.jpg,Outfits para toparte por ‚Äòaccidente‚Äô al vecino que te encanta
https://i.pinimg.com/originals/c5/b0/12/c5b012df3cc48f767cc21e8eed889ea2.jpg,This contains an image of: 
https://i.pinimg.com/originals/c2/4d/bd/c24dbd490eb5bc1b3ac1e58c4a01f6a3.jpg,This contains an image of: Basics you need in your closet
https://i.pinimg.com/originals/4d/64/c5/4d64c552bbf5c194d985b6b6ca47428e.jpg,omggggg I'm so obsessed with these college party clothes ideas there are so many cute going out tops
https://i.pinimg.com/originals/bd/fd/94/bdfd9417121ccbf52cb9ba83156b005f.jpg,This contains an image of: After Akad
https://i.pinimg.com/originals/a1/c8/66/a1c866360500bd563f33b065c87b3a88.jpg,This contains an image of: 30+ College Outfit Ideas For Hanging Around Campus & Going To Class
https://i.pinimg.com/originals/25/41/91/254191560e8ef505080944161190dd76.jpg,This contains an image of: Ootd :)
https://i.pinimg.com/originals/2a/fa/83/2afa83abf048a39cc3374993ac84f883.jpg,This contains an image of: 
https://i.pinimg.com/originals/13/96/13/139613653166f434a543586c71ff21bf.jpg,This contains an image of: 
https://i.pinimg.com/originals/09/b4/eb/09b4eb012481f7052812def1a0715414.png,College Party Outfits-25 Tips On What To Wear To College Party #outfitideas #partylooks #ootn #collegepartyoutfits
https://i.pinimg.com/originals/5e/1f/49/5e1f49179e3ce3c78a86ad2f27b29243.jpg,This contains an image of: Modest outfit ideas for certain occasions.
https://i.pinimg.com/originals/58/95/dd/5895dd1f0ff3b1283ff604cc1098da01.jpg,This contains an image of: Teens 90s outfit inspiration
https://i.pinimg.com/originals/2a/d7/90/2ad79046365baa5f45d182584ac483d2.jpg,This contains an image of: 
https://i.pinimg.com/originals/b3/8f/44/b38f44bc46ab3f4bec91fef67dfc802a.jpg,This contains an image of: 21 Trendy Outfit Ideas for Spring Summer for 2023
https://i.pinimg.com/originals/36/ee/ac/36eeac5c1f6ed8009c5d6e0eb8ea70f2.jpg,This contains an image of: Crop top with straight pants
https://i.pinimg.com/originals/93/3e/e0/933ee0f0cc48cbae63c0a682ed139e72.jpg,This contains an image of: 21 Trendy Outfit Ideas for Spring 2021
https://i.pinimg.com/originals/90/9f/70/909f7036407f5a5dfac81e595b8cdf0b.jpg,This contains an image of: Fall pants outfit ideas
https://i.pinimg.com/originals/f0/ee/38/f0ee38e6d132b40bfe4ea37d71772661.jpg,This contains: outfit ideas for spring and summer
https://i.pinimg.com/originals/28/9c/b8/289cb8c95c7d520c1a74c773dff4fd85.jpg,This contains an image of: outfit idea for back to school!
https://i.pinimg.com/originals/29/7a/9b/297a9b8712cf67ada885f30ccde551cb.jpg,This contains an image of: outfit ideas
https://i.pinimg.com/originals/40/0d/af/400daf269c267836c9bfc5cb10d9f476.jpg,"SAV=FL to keep updated #fashion #koreangirl #prettykorean #girloutfit V.1.S.!.T to see more content about hairstyles ideas for 2023, in my bio. Enjoy!"
https://i.pinimg.com/originals/e0/5f/cb/e05fcb541ee33443deca184020019efc.jpg,This contains an image of: 20 INSANELY CUTE SOFT GIRL AESTHETIC OUTFIT IDEAS
https://i.pinimg.com/originals/7b/4a/8f/7b4a8f4f103be23496a12199ae02123a.jpg,BLACK JEANS OUTFIT IDEAS YOU MUST TRY - valemoods
https://i.pinimg.com/originals/5e/ab/6a/5eab6ae5263a4bdf8f8a17a55d785800.png,This contains an image of: LOS ANGELES Sweatshirt
https://i.pinimg.com/originals/86/0d/87/860d879098175000a08fda7af1d20615.jpg,This contains an image of: 25+ Cute Everyday Outfit Ideas for College
https://i.pinimg.com/originals/e7/9a/d2/e79ad2a9ada27f23f6312fb9c2cb4439.jpg,This contains an image of: Ginny‚Äôs green and yellow ombre cropped sweatshirt on Ginny & Georgia
https://i.pinimg.com/originals/ea/1d/b9/ea1db9ae16126b474de74ac69fd78b75.jpg,This contains an image of: üêº
https://i.pinimg.com/originals/48/c3/2e/48c32eedd40371271126177a41fb30bb.jpg,This contains: style outfits better
https://i.pinimg.com/originals/06/52/d9/0652d977c29960dbc14d6adf52e59be2.jpg,This contains an image of: 30+ College Outfit Ideas For Hanging Around Campus & Going To Class
https://i.pinimg.com/originals/14/d5/c4/14d5c4ebb6dfb2cdcb8aa72b897e3e69.jpg,This contains an image of: 30+ College Outfit Ideas For Hanging Around Campus & Going To Class
https://i.pinimg.com/originals/3d/70/1a/3d701a10117ea268ffb1b73dacc8c215.png,This contains an image of: What To Wear On A First Date: 20+ First Date Outfits For Every Occasion
https://i.pinimg.com/originals/da/c2/11/dac211baac885f5809d1a3f17d4ba7f1.jpg,Are you a college student looking for cute outfit ideas to wear around campus? Check out these amazing everyday college outfits that you'll love...
https://i.pinimg.com/originals/e0/c1/91/e0c191a1403e666a1d05c36a686793a7.jpg,This contains an image of: 30+ College Outfit Ideas For Hanging Around Campus & Going To Class
https://i.pinimg.com/originals/08/c7/a4/08c7a4edbee7c19d4d259c3968b8657a.jpg,This contains an image of: Asvivid Womens Halter Palm Leaf Floral Casual Dresses Summer Beach Dress Sleeveless Short Sundresses XS-XL
https://i.pinimg.com/originals/b4/37/f4/b437f4cb779812c494040b8478fd3430.jpg,This contains an image of: outfit ideas
https://i.pinimg.com/originals/ae/e8/6f/aee86f12d29ab56c931ac32fa798f413.jpg,This contains an image of: 10 Chic Denim Maxi Skirt Outfit Ideas to Copy!
https://i.pinimg.com/originals/d1/41/5b/d1415be11637d5c2ff438dcfd12693b7.jpg,This contains an image of: 30+ College Outfit Ideas For Hanging Around Campus & Going To Class
https://i.pinimg.com/originals/23/50/ee/2350ee42eea8ad755fc59d4ab082097c.jpg,Look good on campus with these effortlessly cute and stylish everyday college outfits
https://i.pinimg.com/originals/e3/63/2a/e3632adfbf01eb1417b87955a0d52e18.png,This contains an image of: 15 Easy Outfit Ideas I'm Wearing on Rotation This Spring 2022
https://i.pinimg.com/originals/bb/32/46/bb32463da06168768124831f70efae07.jpg,"Women should wear jeans because they are versatile, durable, comfortable, and stylish. Jeans can be dressed up or down for different occasions, and their sturdy denim fabric makes them long-lasting. Well-fitted jeans provide comfort and ease of movement. They are a timeless fashion staple that can be customized to suit individual style preferences. Jeans are also easy to maintain and widely accessible in various sizes and price ranges. Overall, wearing jeans promotes body positivity."
https://i.pinimg.com/originals/da/df/1c/dadf1cc61a9e3033dd86924351f65c8e.jpg,This contains an image of: Look com cal√ßa cargo
,This contains an image of: a realistic everyday outfit
https://i.pinimg.com/originals/d8/71/2b/d8712bbd3f468f7d2a66259a0b5067e9.jpg,This contains an image of: causal outfit ideas fashion styling inspo 2023
https://i.pinimg.com/originals/37/f7/8d/37f78da690e23e96037671255df9efac.jpg,Trendy Outfit Ideas for Spring Summer - Cute Spring Outfits
https://i.pinimg.com/originals/68/4c/fe/684cfe74c1e4d0f71d797e480386ed3b.jpg,"This contains: #asaqueena #minidiva #atacado #varejo #modacentersantacruz #caruaruconfec√ß√µes #bras #modacentersantacruzdocapibaribe #capixaba #quarentena
#poznan #warszawa #szczecinootd #americandtyle #style #onlineshopping #summerlook #summeroutfit #outfit #looks
#laurella #fashion #hair #ootd #polishgirl #tiedye #stellamccartney #tshirt #makeup #nails
#laurella #fashion #hair #ootd #polishgirl #tiedye #stellamccartney #tshirt #makeup #nails
#fashionlovers #outfitoftheday #fashionweek #fashionaddict"
https://i.pinimg.com/originals/6d/24/de/6d24de2bf1309b872ade02c97fdf1ca9.jpg,This contains an image of: summer outfits fashion summer outfits casual summer outfits dresses summer outfit ideas
https://i.pinimg.com/originals/23/b4/58/23b4586ff5a3c20509c7ef0f43abef9f.jpg,"Casual college outfits, Korean outfit street"
https://i.pinimg.com/originals/8b/e4/ff/8be4ffcf7018dd224b6c1c0791988f41.jpg,Trendy Outfit Ideas for Spring Summer - Cute Spring Outfits
https://i.pinimg.com/originals/36/4d/91/364d91997978b97eaabb45e0a578e383.jpg,Collection of outfit ideas to inspire you fashion looks and make you feel comfortable wearing great combinations of clothes.
https://i.pinimg.com/originals/57/94/78/579478118071e489bcd329858344405a.jpg,This contains an image of: 30+ College Outfit Ideas For Hanging Around Campus & Going To Class
https://i.pinimg.com/originals/3c/6f/7b/3c6f7bc9ce34058aa2756c3b7a783270.jpg,This contains an image of: Beautiful girls photos || face hide poses for girls|| Girls photography ideas#Ipz
https://i.pinimg.com/originals/61/54/58/615458a1db901517cdb765758b9c01c7.jpg,Trendy Outfit Ideas for Spring Summer - Cute Spring Outfits
https://i.pinimg.com/originals/14/b8/92/14b892ad62c49f86cb0869683a6b89ed.jpg,This contains an image of: 20++ outfit of the day visit on we heart it
https://i.pinimg.com/originals/4d/18/aa/4d18aa95a26a31f2fa3e9f8b78298602.jpg,This contains an image of: simple outfit for date
https://i.pinimg.com/originals/cf/d3/71/cfd371aa05caad00756d056ed511da0e.jpg,Trendy Outfit Ideas for Spring Summer - Cute Spring Outfits
https://i.pinimg.com/originals/05/ce/a4/05cea43a03bf048fcb94510c478c346a.jpg,This contains an image of: Top Aesthetic Outfits Inspo Mid 2022 ‚ú®üíñ‚ú®
https://i.pinimg.com/originals/7f/54/6a/7f546a22a380f27e0bd3f72b140ba9a5.jpg,This contains an image of: beautifull
https://i.pinimg.com/originals/c6/82/f7/c682f72bb5b0a2bfe43c860c8e1100d1.jpg,Casual Winter Outfit
https://i.pinimg.com/originals/70/e4/a4/70e4a4eba2f64e8626dae9367d3f8cba.jpg,Trendy Outfit Ideas for Spring Summer - Cute Spring Outfits
https://i.pinimg.com/originals/41/7a/1e/417a1ecc3026dcda1b67a848363a2ea6.jpg,Trendy Outfit Ideas for Spring Summer - Cute Spring Outfits
https://i.pinimg.com/originals/80/b8/ae/80b8aedd82452de7d6911f2a6fe10125.jpg,This contains an image of: Beautiful girls photos || face hide poses for girls|| Girls photography ideas#Ipz
https://i.pinimg.com/originals/48/6e/a4/486ea4b4252306c8c47afc1d64486712.jpg,"i am not jealous type but what's mine is mine. End of story ‚ô° "" Dono‚Ä¶ #romance #Romance #amreading #books #wattpad"
https://i.pinimg.com/originals/3a/0b/8a/3a0b8ad79a53b37c40de9ad164e1fa14.jpg,"Teknologi Informasi (IT) telah menjadi bidang yang sangat penting dan terus berkembang pesat di era digital saat ini. Berbagai industri membutuhkan tenaga ahli IT untuk mengembangkan dan mempertahankan sistem teknologi informasi mereka, serta menghadapi tantangan dan peluang yang muncul di pasar global."
https://i.pinimg.com/originals/53/49/6d/53496d387af84c8a6704d98cc9e69da0.jpg,Trendy Outfit Ideas for Spring Summer - Cute Spring Outfits
https://i.pinimg.com/originals/e0/87/47/e087472c29dc7626e5ad8ffd6db7b1bd.jpg,This contains an image of: Get the We Heart It app!
https://i.pinimg.com/originals/37/62/99/3762995fc01b0b40116dd878a3dacd57.jpg,This contains an image of: Collage outfit idea for woman's who share her hot secret 
https://i.pinimg.com/originals/64/7c/90/647c908a0bac02d1844383360a59ed63.jpg,This contains an image of: Winter soft clothes aesthetic
https://i.pinimg.com/originals/cc/45/aa/cc45aa2f73edbe5409f1f7195338b64e.jpg,"Crop Sweater With Playsuit Outfit #combatboots #cropsweater ‚òÖ Looking for some trendy and cute outfits for school? Stylish casual ideas for teens, comfy and super easy to wear college outfits for fall and cold weather are here! ‚òÖ #outfitsforschool #outfitsforschool #outfits"
https://i.pinimg.com/originals/06/12/4d/06124d3a582b1c87d4500d29e7c4a0ed.jpg,This contains an image of: ùòÑùóµùó∂ùó∞ùóµ ùòÄùó∞ùóµùóºùóºùóπ ùòÄùòÅùó≤ùóøùó≤ùóºùòÅùòÜùóΩùó≤ ùóÆùóøùó≤ ùòÜùóºùòÇ? ‚ÄºÔ∏è
https://i.pinimg.com/originals/19/29/59/1929590097677a7533d29ed3c8670e94.jpg,This contains an image of: 
https://i.pinimg.com/originals/aa/09/09/aa0909a115568c2cc00a6ade449c85c7.jpg,This contains an image of: college outfit ideas for class and hanging around campus:)
https://i.pinimg.com/originals/66/bb/92/66bb9279c631887f76b0139e18a82b19.jpg,160707 Yoona
https://i.pinimg.com/originals/ad/74/31/ad74312440241b9b5ba7a7365f4205ec.jpg,This contains an image of: j e y
https://i.pinimg.com/originals/06/2a/44/062a447fb7aa13fd58fcc1e636c1b5c3.jpg,This contains an image of: 
https://i.pinimg.com/originals/5d/c9/07/5dc907869c5ea3e34e098d3710dd1fa7.jpg,This contains an image of: Outfitüåø
https://i.pinimg.com/originals/c3/38/59/c33859dcda94c3fed26ffd7588f5724b.jpg,This contains an image of: New Life
https://i.pinimg.com/originals/8a/d7/97/8ad7976d7ae29226ffc2c2fb6d65a542.png,This contains an image of: Outfits para ir al estreno de Barbie
https://i.pinimg.com/originals/f5/5b/84/f55b84ea299df823a23e2e7233f4f226.jpg,This contains an image of: Como inserir o t√™nis em looks formais
https://i.pinimg.com/originals/f7/7f/07/f77f0788f69bb1ea89b7b7be5fbe7f13.png,Notched Collar Simple Elegant Cropped Shirt ‚Äì Nada Outfit Land
https://i.pinimg.com/originals/e8/b4/7c/e8b47c183f9c2a3c954aa95201b3d48e.jpg,Aditi Bhatia üé≠ on Instagram: ‚Äúi almost fell off‚Äù
https://i.pinimg.com/originals/e6/a8/71/e6a8718c80b6396fcc0966ec4b90f97f.jpg,This contains an image of: 
https://i.pinimg.com/originals/f2/9b/f8/f29bf83099665c28e2cf641394bec70b.jpg,This contains an image of: Open shirt styling
https://i.pinimg.com/originals/04/db/74/04db74658ab4acafb66d45397bd3a6a7.jpg,17 Outfits para la universidad y no irte en pijama todos los d√≠as
https://i.pinimg.com/originals/56/fa/1e/56fa1e55c875515fcde6625edcdcdd24.jpg,This contains an image of: 20 Clothing Essentials That Every College Girl Needs
https://i.pinimg.com/originals/5d/54/84/5d548430e9ade9fb1b7d0ee4606e0cd8.jpg,This contains an image of: 
https://i.pinimg.com/originals/92/8a/dd/928add0adc6d368561a666805b12950a.jpg,amazing outfit ideas for college girls! cute back to school fashion ideas to copy. cute outfits for college. cute college outfits. comfy college outfits
https://i.pinimg.com/originals/5b/2c/b9/5b2cb9f63ea3de6fa738f132f7bd4f9e.jpg,This contains an image of: 22 Cute Fall Outfits For College - Inspired Beauty
https://i.pinimg.com/originals/f4/87/a8/f487a8c0d4ca4c00b8800d3d7a48cebc.png,This contains an image of: ‚îÄ‚úßÔΩ•ÔæüÔΩìùíëùíÜùíÇùíÑùíâùê¢ùíè
https://i.pinimg.com/originals/b9/9f/81/b99f8139ae1953e344898aaef6da1246.png,This contains an image of: Shop the Look: Pinterest Edition
https://i.pinimg.com/originals/12/27/10/1227101580bb236a40ff9c42c2c9c105.jpg,This contains an image of: 90+ Cute Casual College Outfit Ideas [2023] You Will Love
https://i.pinimg.com/originals/e9/a8/2a/e9a82a125b4258da16b5e0b20240d1d3.jpg,This contains an image of: Colloge Outfits for Girl : 62 Simple and Cute Outfit Ideas To Copy Now!
https://i.pinimg.com/originals/66/29/bb/6629bb89b58a570443ac375bf97943fe.jpg,This contains an image of: 
https://i.pinimg.com/originals/b7/70/6d/b7706d1d1b7c8a3590f311ed462737b3.jpg,This contains an image of: Fall Outfits: 15+ Trendy Ideas to Elevate Your Style - LynSire
https://i.pinimg.com/originals/79/bc/c7/79bcc75e845c37ba8f2995dfeed13ab0.jpg,5 College Outfits All Students Own - Society19
https://i.pinimg.com/originals/01/ed/cb/01edcb05b8bfd637bb36a0d1bb913cbc.png,This contains an image of: 27 College Outfits For Any Occasion | College Outfits 2020 - By Sophia Lee
https://i.pinimg.com/originals/8b/3d/45/8b3d45ee3f49fae087185945f95ca58f.jpg,This contains an image of: Autumn 90s outfit aesthetic
https://i.pinimg.com/originals/48/30/99/4830995c84b59127d098434a64a6b3f9.jpg,This contains an image of: Como usar cal√ßa rasgada - Crescendo aos Poucos
https://i.pinimg.com/originals/e2/71/66/e271662a111b064e5045ecc8ccba6a32.jpg,"Tall split hem pant, tall girl outfits, tall pants, tall fashion, tall girl, fashion inspo, casual outfit, easy outfit idea, spring outfit, spring fashion"
https://i.pinimg.com/originals/f4/ec/45/f4ec45893e80dde37fd67f83330668b5.jpg,15 Outfits para las que odian los tacones y aman los tenis
https://i.pinimg.com/originals/d8/82/e5/d882e5e52de25d52f6ad7d5695214c63.png,This contains an image of: navy blue Outfit | ShopLook
https://i.pinimg.com/originals/ff/71/c4/ff71c415f67b29a2e771e06dd9257096.jpg,Chic outfits to rock at ur college!!! ‚Äì Everything on my mind
https://i.pinimg.com/originals/9b/c3/ba/9bc3ba772dd81eeece65ff15a760673f.png,This contains an image of: 
https://i.pinimg.com/originals/6c/09/e4/6c09e4e99d5770a1da27d12e3d9456fb.jpg,This contains an image of: I post fashion content daily so follow if you want to see more!
https://i.pinimg.com/originals/c6/49/4f/c6494f40cd783a31fd9bc14646ab44d0.jpg,"This contains an image of: ≈ûimal ( 1 episode, Kazara A≈ük) üß°"
https://i.pinimg.com/originals/eb/c0/5b/ebc05b2be557fe9c360e7e5bc3b9ad93.jpg,This contains an image of: 
https://i.pinimg.com/originals/7c/b1/12/7cb112ddcd733dcbdb46a41bb16f329f.jpg,This contains an image of: 
https://i.pinimg.com/originals/d7/85/72/d7857241c1db96a6139649cbf8bf7b37.jpg,This contains an image of: 31 Indian Actresses Street Style Fashion Ideas For This Year
https://i.pinimg.com/originals/14/5e/da/145eda9467d4d8c159a4271106ff2dec.jpg,This contains an image of: Perfect Your Off Duty Style With This Denim Outfit
https://i.pinimg.com/originals/4e/3d/7e/4e3d7e6f5713ce60009ade52b63ac918.png,This contains an image of: 
https://i.pinimg.com/originals/1b/cd/39/1bcd3954e2725f838beab841c99226a1.jpg,This contains an image of: Roupas Tumblr
https://i.pinimg.com/originals/a0/aa/f9/a0aaf9dfc5ea396f741aff19124e4bbf.jpg,This contains: Back to school fall outfits backtoschool backtoschooloutfits outfits falloutfit
https://i.pinimg.com/originals/ba/db/c3/badbc352cafb13b6fce0554adc6f1f1e.jpg,This contains: How to Style a White Tee
https://i.pinimg.com/originals/93/37/cb/9337cb3ab285312f0f765ec5a53795df.jpg,This contains an image of: White kurti with denim jeans
https://i.pinimg.com/originals/cc/a2/08/cca208cd031d9be51e24f6ed44049de2.jpg,This contains an image of: Pin on | my idea pins |
https://i.pinimg.com/originals/7e/a2/0d/7ea20dd4865018aee7bb0629d66c5170.jpg,This contains an image of: Vsco Girl Checklist ‚Äì The Ultimate Vsco Girl Checklist! - The Pink Dream
https://i.pinimg.com/originals/ff/f2/78/fff2781067f5d81c02e93ac367fd9aaf.jpg,This contains an image of: Ari
https://i.pinimg.com/originals/aa/cf/04/aacf04b06111ae351f9f59889339dbac.jpg,This contains an image of: My Girlfriend ex budyguard
https://i.pinimg.com/originals/24/6d/68/246d68ca6dcce9f0d700adc990bb08a2.jpg,This contains: Follow me to get amazing pics of Burcu ozberk
https://i.pinimg.com/originals/00/e0/ea/00e0ea48d9ecbdad0bb6d3d1fe0c13cd.jpg,This contains an image of: Ultimate Leggings - Black curated on LTK
https://i.pinimg.com/originals/af/18/48/af18488f9108714cf328bb2de7623698.jpg,Just a simple love story between a couple arranged for marriage. It's‚Ä¶ #romance #Romance #amreading #books #wattpad
https://i.pinimg.com/originals/6f/c8/62/6fc8624f87b7b5f5ab6c7c5ccb42db9d.png,10 outfits casuales con tenis para llevar en oto√±o | Mujer de 10
https://i.pinimg.com/originals/cc/5a/59/cc5a5937c7d364703abba133d1f6126b.jpg,This contains an image of: ùöìùöòùöûùöõùöóùöäùöïùöúüßöüèΩ‚Äç‚ôÄÔ∏è
https://i.pinimg.com/originals/f5/13/bc/f513bc7b77934367ab38943d9171f3e0.jpg,This contains an image of: stylish outfits for summer
https://i.pinimg.com/originals/b7/e9/75/b7e975f2bbe53888ce0ae4f6b0526b8e.jpg,This contains an image of: 13 Outfits To Wear On College Visits
https://i.pinimg.com/originals/6c/a8/3f/6ca83ff5a0dfdac63c632cc7bd1b5f32.jpg,This contains an image of: 20 OUTFITS CON CONVERSE
https://i.pinimg.com/originals/0e/80/a9/0e80a910bf5455f41b10c9b40d231304.jpg,This contains an image of: Fall outfit inspo
https://i.pinimg.com/originals/ad/73/ff/ad73ffc290da554fa1238cdac237c0df.jpg,This contains an image of: pinterest: @aestheticabbie ‚òÜ
https://i.pinimg.com/originals/d1/ea/09/d1ea0939772dc7c268791a80b736a916.jpg,This contains an image of: ü§ç
https://i.pinimg.com/originals/66/9c/e5/669ce5c0077fc6fad6185dedc7f2bd5a.jpg,This contains an image of: 
https://i.pinimg.com/originals/00/e4/6d/00e46dc08d2521d3f703c43d32bad4d6.jpg,This contains an image of: ropa que ponerme 
https://i.pinimg.com/originals/5e/ad/39/5ead39f3ea89e4627bf81883a755c0ee.jpg,This contains an image of: Outfit
https://i.pinimg.com/originals/e4/07/a2/e407a2684c924467c9a7b2bc5675c743.jpg,#itgirl #ootd #cleangirlaesthetic #hotgirlwalk #outfitinspo #trendy #summer
https://i.pinimg.com/originals/87/a6/ca/87a6ca1fbee13db8b6dd82f3558b4c40.jpg,This contains an image of: I think I love you-jaden hossler
https://i.pinimg.com/originals/e4/65/43/e465430d39af217ac91132cb5f5cadc5.jpg,"This contains an image of: 18 Cool Blue, Black Denim Jacket Outfits ‚Ä¢ Styles Overdose"
https://i.pinimg.com/originals/af/ed/28/afed284cf04d17a839dd5b348e5f91e1.jpg,This contains an image of: Outfit Ideas that you must see! - Artist Hue
https://i.pinimg.com/originals/be/6c/00/be6c003c4b48095394e57d07129a9a33.jpg,This contains an image of: 
https://i.pinimg.com/originals/f6/62/41/f66241bd00f0f69a0d71d6941a8cc396.jpg,This contains an image of: outfit
https://i.pinimg.com/originals/6b/14/70/6b14709ec304215f5744d07265e66ae9.webp,College Outfits : 62 Easy Outfit Ideas to Copy Now! - MorningKo
https://i.pinimg.com/originals/c6/ab/0f/c6ab0f7d95527f0587b7982a3a97ceb0.jpg,This contains an image of: 72 times Bollywood stars inspired us with their airport looks in 2018 | VOGUE India
https://i.pinimg.com/originals/8f/6e/d7/8f6ed771f1caca3be768152dbfc2168f.jpg,This contains an image of: Inspo Outfit Hangout Dengan Mudah Dan Murah
https://i.pinimg.com/originals/2c/b9/1e/2cb91ec572d0462e82701b8bd1d46801.jpg,"This contains an image of: 15 Trendy, Casual Outfits That Are Already Defining Cool Style in 2022"
https://i.pinimg.com/originals/a5/0d/08/a50d08930c4921de545d8a644894a86a.jpg,This contains an image of: 19 Best Casual College Outfit Ideas For Girls For 2021
https://i.pinimg.com/originals/95/05/64/9505645dd53b1e6c0464f81e61a7d2eb.jpg,This contains an image of: How to look taller without trying hard
https://i.pinimg.com/originals/22/07/04/22070492a20eb3775e36f879b02edfea.jpg,This contains an image of: COMO TER ESTILO E SE VESTIR BEM SEM GASTAR MUITO DINHEIRO
https://i.pinimg.com/originals/88/ae/13/88ae13d56948a8747d85ab042a2a8a7b.jpg,ü¶ãMaNanü¶ã Manik and Nandini collage time lovers‚ù§Ô∏èBest couple of their‚Ä¶ #fanfiction #Fanfiction #amreading #books #wattpad
https://i.pinimg.com/originals/6e/88/54/6e8854ee28d4637a8e984d2a14fd83d4.jpg,This contains an image of: D√∂rd√ºzler
https://i.pinimg.com/originals/5f/3e/7b/5f3e7b58c9b25c03fc1eff504219a75f.jpg,This contains an image of: These 3-Piece Outfits Are So Easy to Style But Don't Look Simple
https://i.pinimg.com/originals/14/30/8a/14308afc950251d3a3b2d1e83373de8e.jpg,This contains an image of: 20 First Day Of School Outfit Ideas For College Girls - Society19
https://i.pinimg.com/originals/60/b1/a3/60b1a3a8adfbca309f3b148cd903d76e.jpg,This contains an image of: : FORMAL/MODEST OUTFITS - FOR COLLEGE üéì‚ú®
https://i.pinimg.com/originals/0a/9d/c1/0a9dc1c3065e3a50d3d19811a80d14da.jpg,This contains an image of: John Galt Green Full Zip Hoodie curated on LTK
https://i.pinimg.com/originals/ee/8a/04/ee8a0477101b4f139f04001860b7ce40.jpg,This contains an image of: 
https://i.pinimg.com/originals/8f/14/71/8f1471ed4fd37d2942c0b3a4fb32e6e0.jpg,This contains an image of: 
https://i.pinimg.com/originals/7a/56/ee/7a56ee6dd771291ada6853ecf68ee3a5.jpg,"This contains an image of: Yoo In Na at Incheon International Airport Heading to LA M.NET K-CON 2014 - Aug 7, 2014 [PHOTOS]"
https://i.pinimg.com/originals/e0/26/85/e02685468ff1de15ceb1151bbfcfe52e.jpg,This contains an image of: 
https://i.pinimg.com/originals/43/74/b2/4374b2b3d32c6fa46f3dfc47180aa1d4.jpg,"This contains an image of: Esra (4 episode, Ask Mantik Intikam)"
https://i.pinimg.com/originals/34/56/7e/34567e7b799dccac642d9a4cea8c9fdd.jpg,This contains an image of: How to Shop for Clothes You'll Actually Wear (& Love) - JESSOSHII
https://i.pinimg.com/originals/fe/49/d0/fe49d0a122337e963e41b7a699f0ba62.jpg,This contains an image of: Polo Neck Ribbed Knit Tee
https://i.pinimg.com/originals/1e/dd/f9/1eddf9df0917331352608169b70b374b.jpg,This contains an image of: Actress Pooja Hegde Spotted At Bandra HD Gallery - Social News XYZ
https://i.pinimg.com/originals/f8/37/b9/f837b927ff5575b4787a962c162c2a12.jpg,This contains an image of: 6 Ways To Rock The Night Out Looks Despite Winter's Cold
https://i.pinimg.com/originals/c5/c7/a8/c5c7a87ad897e01e43393e0127619acb.jpg,This contains an image of: Streetwear plus size look
https://i.pinimg.com/originals/a1/28/85/a1288558e74429755d2d30012ea44160.png,This contains an image of: day in the hamptons Outfit | ShopLook
https://i.pinimg.com/originals/7a/cc/ed/7acced2fb5e29b66f0b6409501862bb0.jpg,This contains an image of: 
https://i.pinimg.com/originals/40/9c/eb/409ceb34b1a39339b6d5962bc55b19ce.jpg,This contains an image of: Undeniable Feelings Ôºàùëôùëúùë£ùëñùëõùëî ùë°‚Ñéùëí ùëèùëúùë†ùë†Ôºâ - Chapter 1
https://i.pinimg.com/originals/b9/e5/c2/b9e5c26c8ee606ba52e8291acaa1c6b2.jpg,This contains an image of: 
https://i.pinimg.com/originals/42/f6/f0/42f6f0169693f54231ef841947f1f560.jpg,This contains an image of: 
https://i.pinimg.com/originals/6e/b7/59/6eb759a23540b0804565b0f7be40a365.jpg,This contains an image of: Minimalist Closet Essentials. Shoes That Go With Everything! - The Fun Sized Life
https://i.pinimg.com/originals/f6/46/62/f64662d7466a11bc25054c031325e3ab.png,This contains an image of: What's Not To Love About Kiara And Janhvi's Casual Style?
https://i.pinimg.com/originals/cf/77/44/cf774406537d7ba16647b8145504f71f.jpg,"üëú on Twitter: ""‚Ä¶ """
https://i.pinimg.com/originals/7b/85/bf/7b85bf4607288e134ddb2ce7fe0ada37.jpg,This contains an image of: #alternativefashion
https://i.pinimg.com/originals/32/40/7c/32407c68327c42070afb25e467d3176c.jpg,I had no idea what to wear to college classes and I am obsessed with these ideas!! Gave me such a good idea of how to dress for college classes I feel so much better now
https://i.pinimg.com/originals/5f/42/98/5f42982b6765bd25d367396279929c60.jpg,This contains an image of: Mumbai: Aditi Rao Hydari seen at Mumbai's Bandra #Gallery - Social News XYZ
https://i.pinimg.com/originals/53/1a/7b/531a7b5e6b90f5d8bcba65b9024728b5.jpg,Summer & Spring 2021 Fashion Trends You'll Be Obsessed With
https://i.pinimg.com/originals/1e/da/a1/1edaa1a045c0ba346d4740bfd9953ad6.jpg,This contains an image of: 
https://i.pinimg.com/originals/56/3d/e1/563de1f65e5d6063434d50c9e2bb8bda.jpg,"This contains an image of: Pin de Karina en Co en 2022 | Moda de ropa, Adidas mujer ropa, Ropa de moda mujer"
https://i.pinimg.com/originals/0f/9a/87/0f9a872bf3e552c6e67ff84b3e298f64.jpg,This contains an image of: Total Zara outfit üñ§
https://i.pinimg.com/originals/b5/ef/d2/b5efd253d84fc33dce4c28c09939d2f8.jpg,25+ Cute Everyday College Outfit Ideas ‚Äî Look Stylish on Campus! ‚Äì May the Ray
https://i.pinimg.com/originals/e6/9a/84/e69a842e40188b6edd1720a3a79fcf0e.png,This contains an image of: Tara Sutaria & white: The perfect match
https://i.pinimg.com/originals/a0/c8/b1/a0c8b1d5b5cb1479bfa888639f7dc8a5.jpg,Trendy Outfit Ideas for Spring Summer - Cute Spring Outfits
https://i.pinimg.com/originals/49/43/b7/4943b794c5b0450504cba7e094223ad1.jpg,Every highschool student knows that style is imperative and when it involves getting noticed.
https://i.pinimg.com/originals/53/89/11/53891169d985d6795b706dc413ab22ad.jpg,This contains an image of: Babygirl  ~Ft Payproutü§ï‚ú®~
https://i.pinimg.com/originals/e5/02/90/e50290b47ff62421c99b0ef79f7e476b.jpg,This contains an image of: Get the sweater for A$160 at whitefoxboutique.com - Wheretoget
https://i.pinimg.com/originals/59/40/51/5940518a9e2489ad9eaf17fcf52bfb73.jpg,This contains an image of: designerwall.in
https://i.pinimg.com/originals/d0/2a/18/d02a18da896dcb3bacaf2f8e313afc10.jpg,This contains an image of: Actress Kriti Kharbanda Spotted At Avinash Gowariker Studio In Kalina Santacruz East - Gallery - Social News XYZ
https://i.pinimg.com/originals/8a/37/d6/8a37d67fd34f7734340887de47923a59.jpg,This contains an image of: PIPOPY
https://i.pinimg.com/originals/76/f7/47/76f7473cddc0da929d2064fe3dc1452c.jpg,This contains an image of: √âpingl√© sur Outfits inspiration
https://i.pinimg.com/originals/e6/68/49/e6684982aae0cfb7c2905a6a74225b81.jpg,college fashion | college style | college outfits | outfit for college | style | what to wear in college
https://i.pinimg.com/originals/91/b1/b0/91b1b0ab4d4dd3bdb76827ac05bc03f1.jpg,This contains an image of: Styling these 2 tops and 2 skirts
https://i.pinimg.com/originals/8f/8e/18/8f8e18171041de68429d1229e558721e.png,This contains an image of: 
https://i.pinimg.com/originals/44/f6/1e/44f61ea723143f8c69f2860935894bf4.jpg,This contains an image of: Page Not Found
https://i.pinimg.com/originals/9f/d5/d8/9fd5d8dd8b811006fe250b163583c94c.jpg,"This contains an image of: Leyla ( 8 episode, Finale episode, Cam Tavanlar) üíö"
https://i.pinimg.com/originals/77/87/11/778711a386e8efbbee816d8140c04b4d.jpg,This contains an image of: Winter 80s clothes aesthetic
https://i.pinimg.com/originals/6c/da/ba/6cdaba047c8c0f6e3b770c02e9df73fa.jpg,This contains an image of: Girls 80s clothes ideas
https://i.pinimg.com/originals/f6/5f/30/f65f3022998ebd11781227250bcad829.jpg,This contains an image of: Night Outfit Ideas For Any Holiday Party And Special Occassion
https://i.pinimg.com/originals/60/87/fc/6087fc98731d77aa556c7939056fcf39.jpg,This contains an image of: laststeppin.com
https://i.pinimg.com/originals/f8/08/bd/f808bdc8ffa4e562daad5440775cc896.png,This contains an image of: Exploring The Classic White Shirt
https://i.pinimg.com/originals/26/13/5f/26135f02b86774d66b12db03dc1136e4.png,This contains an image of: 32 Baddie Winter Outfits that are HOT & won't let you freeze
https://i.pinimg.com/originals/29/bb/49/29bb4973f03f7042a20327c406d39456.jpg,This contains an image of: Tu Mileya
https://i.pinimg.com/originals/61/bb/08/61bb0836c5ba90952a8173d9963bd66d.png,This contains an image of: 
https://i.pinimg.com/originals/e5/ce/22/e5ce2210920db806dbcf34f1cf717dcf.jpg,This contains an image of: 57+ Korean Fashion For Everyday Outfits 2023
https://i.pinimg.com/originals/0e/9e/a0/0e9ea0bfa74b9fa55234718752547c4b.jpg,duas m√°fias rivais tem interesses numa stripper #fanfic # Fanfic # amreading # books # wattpad
https://i.pinimg.com/originals/c5/5c/3d/c55c3daaf95b61ee35cb713375892a66.jpg,This contains an image of: Girls indie clothing aesthetic
https://i.pinimg.com/originals/a7/10/23/a71023497b1d652aa01a02e755021046.jpg,This contains an image of: ‚éØ  Ôæü‚àô * ‚åûüîÆ‚åù ùò±ùò™ùòØùòµùò¶ùò≥ùò¶ùò¥ùòµ : ùò±ùò¢ùò∑ùò≠ùòπùò∑ùò¶
https://i.pinimg.com/originals/5a/99/f0/5a99f0dc65dd0dd9261b3c7348a12871.jpg,This contains an image of: 13 Outfits To Wear On College Tours This Year
https://i.pinimg.com/originals/e6/ba/bf/e6babf8485683aaa4be50447d47a8bc1.png,This contains an image of: Yellow #5 Outfit | ShopLook
https://i.pinimg.com/originals/3e/0c/0b/3e0c0b99ca5855731245469badffed3a.jpg,This contains an image of: 57+ Korean Fashion For Everyday Outfits 2023
https://i.pinimg.com/originals/8b/f6/8e/8bf68ecce914d4bd8f57e5d70e60cad3.jpg,Outfits que te har√°n ser la m√°s envidiada de la universidad
https://i.pinimg.com/originals/a6/fc/91/a6fc911c51dd79f83f09ee01681142d2.jpg,This contains an image of: 30+ College Outfit Ideas For Hanging Around Campus & Going To Class
https://i.pinimg.com/originals/e7/12/b5/e712b5a4bf981762791fc5f0890d0a04.jpg,Trousers are a comfortable way to look dressy. A perfect part to your back to school outfits!
https://i.pinimg.com/originals/25/96/a3/2596a380d792166735dd1454a1b15380.jpg,This contains an image of: Trendy Summer Dresses - FashionActivation
https://i.pinimg.com/originals/01/8c/ec/018cec80473cfad2e0b2ec8b00c421f0.jpg,This contains an image of: 21 inspira√ß√µes de looks para as apaixonadas por amarelo - Fixbitt
https://i.pinimg.com/originals/7b/81/73/7b8173c50bfe3b022bc5dcbd4ae9ce14.jpg,This contains an image of: Actress Krtiti Sanon Spotted At Madock Office In Santacruz - Gallery - Social News XYZ
https://i.pinimg.com/originals/1b/84/ab/1b84abb797a1096f8b93537e4ed9c8b7.jpg,Sin exagerar.
https://i.pinimg.com/originals/03/08/fc/0308fc398de0fad78adba25f3f8ae213.jpg,This contains an image of: 
https://i.pinimg.com/originals/a5/20/9c/a5209c7e9d1036ef461951ed41d6db65.jpg,This contains an image of: Outfits de emergencia para el t√≠pico ‚Äò¬øqu√© me pongo hoy?‚Äô
https://i.pinimg.com/originals/d0/c3/a9/d0c3a942261b196b1cfd372871d449cc.jpg,This contains an image of: Fall vintage wear 2021
https://i.pinimg.com/originals/35/32/1b/35321b0c5a972265b8f56ccc37dabf1e.jpg,This contains an image of: The Week In Style
https://i.pinimg.com/originals/14/40/4b/14404ba4894e94585630a86393161bf4.jpg,Are you a college student looking for cute outfit ideas to wear around campus? Check out these amazing everyday college outfits that you'll love...
https://i.pinimg.com/originals/e8/11/1b/e8111b7aad26421007f6eb55b9e19854.jpg,This contains an image of: 
https://i.pinimg.com/originals/4d/a8/d5/4da8d5e84f105ea8b070492695ad3f90.jpg,11 Outfits relajados pero profesionales para la universidad y trabajo
https://i.pinimg.com/originals/26/28/62/262862da63ad77b8106cc2c069c16089.jpg,This contains an image of: 
https://i.pinimg.com/originals/35/ac/33/35ac33f327f0927e904ee9582c74e117.jpg,This contains an image of: Spring vintage clothing 2021
https://i.pinimg.com/originals/fc/cb/44/fccb44642054cc89f3ee301c49416417.jpg,This contains an image of: School baddie clothing inspiration
https://i.pinimg.com/originals/b3/fc/94/b3fc944cce735ebc8b5323b6cc8beb73.jpg,This contains an image of: High Waist Slant Pocket Straight Jeans
https://i.pinimg.com/originals/a4/d1/86/a4d18699108fbd87d98584a473b63b64.jpg,pinterest! (amber pjongluck)
https://i.pinimg.com/originals/17/31/d3/1731d37e006570da28fafca1286126a4.jpg,"I Thought This Trend Was Going to Die, But It's Having a Huge Comeback"
https://i.pinimg.com/originals/18/c3/d9/18c3d982ea8437e9cb3b45395bf1768e.jpg,This contains an image of: TikTok ¬∑ shaynehydn
https://i.pinimg.com/originals/18/a9/0b/18a90bce4e76376b711e1e87cf24070e.jpg,This contains: spring outfits
https://i.pinimg.com/originals/17/54/17/17541797dd85e4ec919a6d32ea6cd36b.jpg,This contains an image of: School 90s wear ideas
https://i.pinimg.com/originals/d5/54/0a/d5540aecb2969c8d75bace7c0c7eb5ad.jpg,Go to our magazine ‚¨áÔ∏è winter girl college 90s vintage grunge uniqlo manga wear clothes inspiration summer women college 2020 170 casual anime indie soft inspire teenage vest dark academia euphoria sport vsco jeans chic korean best style 165 fall girls school 150 vintage skinny uniqlo ullzang outfit clothes ideas autumn woman college 2021 casual edgy indie baddie korean teens 2020 everyday dark academia e-girl sport vsco tiktok girly inspiration aesthetic best style
https://i.pinimg.com/originals/08/1d/0f/081d0fd13731a3dde28499f1cf11112f.jpg,This contains an image of: Mafia's Crazy love.
https://i.pinimg.com/originals/a8/17/ad/a817add668ab7bef3a669aa02fc8bdcc.jpg,Mumbai: 'Parmanu: The Story of Pokhran' promotional shoot Diana Penty #Gallery - Social News XYZ
https://i.pinimg.com/originals/10/31/52/1031527cebdbec28940a2f409cede9d9.jpg,ABBIE ‚ô° on Instagram: ‚Äúcreams & browns will forever be my fave üß∏‚òÅÔ∏è #bershka #bershkastyle‚Äù
https://i.pinimg.com/originals/85/4d/66/854d664c94e0d57d70c19400de96fe84.jpg,"Subscribe to Merch Viewer Youtube Channel For More Fashion DIY Hacks, Tips & Tricks <<<<>>>> girls jeans,jeans design for girls,Merch Viewer denim jeans for girls,types of jeans every girl needs,ultimate denim guide,how to style jeans,mom jeans,straight leg jeans,baggy jeans,skinny jeans,levis,best mom jeans,best jeans,fashion,denim jeans for girls,denim jeans for women,denim jeans outfit ideas,denim jeans,college outfits,office outfits,outfits,outfits style,dressing style,dressing sense,"
https://i.pinimg.com/originals/89/ea/21/89ea210cb72c5fcca99fe02d0758b7b0.jpg,This contains an image of: Selena Gomez grabs a matcha in WeHo with her pooch under her arm
https://i.pinimg.com/originals/27/e5/a7/27e5a733f197f69381af79c101752ca2.jpg,This contains an image of: 
https://i.pinimg.com/originals/0f/9a/49/0f9a49c560dc30c31763107c7e3a2d27.jpg,This contains an image of: 4b3803f2836c17eaeaf01554822479e9
https://i.pinimg.com/originals/8c/40/56/8c4056099cbaf3c92945c72660380acb.jpg,"Black Casual Collar Long Sleeve PU Leather Plain Shirt Embellished Slight Stretch  Women Tops, Blouses & Tee"
https://i.pinimg.com/originals/c9/5d/bb/c95dbb39576ee263dd1ec22e12ce271e.png,This contains an image of: pinterest @kyliieee | best back to school outfits for college 2019 for women in 20's | best outfits
https://i.pinimg.com/originals/39/60/a5/3960a576401e4f2c2d8a3c017c91103d.jpg,This contains: From luciaa_307
https://i.pinimg.com/originals/dd/06/3b/dd063b6068729cd2baf35c75dd3be5af.jpg,This contains an image of: Vedhika's Casual Look! ‚Äì South India Fashion
https://i.pinimg.com/originals/00/55/8d/00558d6d05b228eebbb31f954b7f9acb.jpg,This contains an image of: joandkemp on LTK
https://i.pinimg.com/originals/ee/4e/fd/ee4efd3c893e0e48fe9e94e181a74887.png,"This contains an image of: High School Outfits - 5 Ideas that Are Cute, Cool, and Smart"
https://i.pinimg.com/originals/f8/77/e2/f877e23f74a9e7ab2d0bfad42fca620c.jpg,I had no clue what to wear for college parties but this list was so helpful it has so many cute college going out outfits
https://i.pinimg.com/originals/b6/1f/64/b61f643a34ee9b86dc8678202ed7d386.png,STYLING A WHITE SHIRT FOR FALL - 4 WAYS
https://i.pinimg.com/originals/b6/98/8d/b6988d73d7503622c8a73714ee6e0fdc.jpg,This contains an image of: 30+ College Outfit Ideas For Hanging Around Campus & Going To Class
https://i.pinimg.com/originals/22/f8/e4/22f8e4d5e382156a9f4cfc75b2107cc0.jpg,This contains an image of: Shop Fashion Accessories for Women & Men Cheap Online
https://i.pinimg.com/originals/f7/e9/e8/f7e9e8c5e75097971dbd00285ba4699d.jpg,This contains an image of: university outfit inspo
https://i.pinimg.com/originals/4b/8c/83/4b8c83116648e6187576885bdb5863a9.jpg,Main Material: PolyesterOrigin: CN(Origin)Technics: EmbossingGender: UnisexBackpacks Type: SoftbackCapacity: 20-35 LitreHandle/Strap Type: Soft HandleItem Type: BackpacksDecoration: NoneClosure Type: Zipper & HaspRain Cover: NoExterior: Solid BagCarrying System: Air Cushion BeltLining Material: PolyesterStyle: Preppy StylePattern Type: Plaid
https://i.pinimg.com/originals/2c/77/25/2c77253ac613a8cf76dfc9530173f7f7.jpg,Size 16 | Follow @maddietouma on IG and TikTok to get more fashion inspirations
https://i.pinimg.com/originals/de/50/52/de5052bd479707ae6c62b7e02ae33510.jpg,This contains an image of: Petit Bateau
https://i.pinimg.com/originals/b6/da/e2/b6dae2eaf935c391248e73a4bc026917.jpg,This contains an image of: Soft Girl Aesthetic: The Ultimate Guide To The Soft Girl Style
https://i.pinimg.com/originals/d5/6a/c2/d56ac251eb5594e07eab7b47f9e82365.jpg,This contains an image of: quepasoyaya on LTK
https://i.pinimg.com/originals/a5/9e/22/a59e221aae87e9e787c3c50a9465d8b9.png,This contains an image of: 
https://i.pinimg.com/originals/10/8c/bb/108cbbf8900388f3694ac378bcfdb016.jpg,This contains an image of: 30+ College Outfit Ideas For Hanging Around Campus & Going To Class
https://i.pinimg.com/originals/9f/11/bf/9f11bf1a0595c28f15abd04b4178ef8a.jpg,Cute and casual college outfit ideas | Look good on campus with these effortlessly cute and stylish everyday college outfits
https://i.pinimg.com/originals/9b/b3/e1/9bb3e11849b9ed7a5b92bc1863743267.png,This contains an image of: comparess.com
https://i.pinimg.com/originals/5d/5d/46/5d5d46bdc31a7eafbf1cc94d99233bca.jpg,"Khaki Casual  Half Sleeve Rayon Plain  Embellished Medium Stretch  Women Tops, Blouses & Tee"
https://i.pinimg.com/originals/67/2e/bc/672ebc0c6d9e2add771fafe1486a557b.jpg,This contains an image of: Photos: Shraddha Kapoor snapped in Juhu
https://i.pinimg.com/originals/ec/13/57/ec1357b27a7ad080f724db00e07eab40.png,Nailea Devora on Youtube and naileadevora on Instagram
https://i.pinimg.com/originals/46/c6/99/46c69926acec3c8faea89be1073f20a9.jpg,This contains an image of: 30+ College Outfit Ideas For Hanging Around Campus & Going To Class
https://i.pinimg.com/originals/a6/bb/c2/a6bbc298da9bb73aa02f086e1e26df70.jpg,This contains an image of: Zendaya steps out in leggings and a T-shirt for solo stroll in NYC
https://i.pinimg.com/originals/4d/3b/7d/4d3b7d5dc4cd3679b6aa5786f7fdb3f0.jpg,This contains an image of: –°–∞–º–∞—è –∫—Ä–∞—Å–∏–≤–∞—è —Ç—É—Ä—á–∞–Ω–∫–∞: 15 –ø—Ä–∞–≤–∏–ª —Å—Ç–∏–ª—è –•–∞–Ω–¥–µ –≠—Ä—á–µ–ª –∏–∑ —Å–µ—Ä–∏–∞–ª–∞ ¬´–ü–æ—Å—Ç—É—á–∏—Å—å –≤ –º–æ—é –¥–≤–µ—Ä—å¬ª
https://i.pinimg.com/originals/83/8e/0f/838e0facbef88cbf7aa9d46794cc0d09.jpg,This contains an image of: 90s
https://i.pinimg.com/originals/a3/a8/2c/a3a82cb7ad63fd2548a6222b66bf80b4.jpg,This contains an image of: Solid Round Neck Tee
https://i.pinimg.com/originals/f8/1e/f8/f81ef80ef8a9ebf0a9b6f1f3ea63a8d8.png,Kiara Advani Dazzles In Shades Of Brown - Paparazzi Pics
https://i.pinimg.com/originals/5a/90/9e/5a909ea956222a314fe6b2164a146e55.jpg,"Winter look ( @oliviaelverson ) Knitted jumper, black jeans, western belt #winter #jumper #womensfashion"
https://i.pinimg.com/originals/dd/7f/36/dd7f36bcf2282661cb50517016af9555.jpg,This contains an image of: OUTFITS PARA CONQUISTAR A TU CRUSH
https://i.pinimg.com/originals/e6/cb/da/e6cbdaf88c6e2bd44607a0e7831a44ae.jpg,This contains an image of: 40+ Back To School Outfits You Should Wear This Year
https://i.pinimg.com/originals/f6/80/a0/f680a0c79eb3a44b6bc817741d8f74bf.jpg,This contains an image of: 18 Insanely Cute Winter Graduation Outfits We're Totally Obsessing Over
https://i.pinimg.com/originals/7e/95/5a/7e955a1863cd1ea44e490dabb4954c0e.jpg,This contains an image of: POSES PARA PRESUMIR TU OUTFIT
https://i.pinimg.com/originals/3a/29/37/3a2937fd0dc3f1bf650b78c94d949e60.jpg,20 CASUAL SPRING OUTFITS - valemoods
https://i.pinimg.com/originals/d0/8f/d8/d08fd860861d0d4fdc41b8e2f0803eb5.jpg,This contains an image of: High Waist Ripped Jeans
https://i.pinimg.com/originals/e5/27/30/e52730f7846d74a161375f02c433179f.jpg,This contains an image of: Erika Dwyer on TikTok
https://i.pinimg.com/originals/ce/01/7d/ce017d78e82b39fe4a6afacb01c46093.jpg,This contains an image of: 21 Super Hot College Tailgate Outfit Ideas
https://i.pinimg.com/originals/10/42/3d/10423defa05b6f81196be49232637edb.jpg,Trendy Outfit Ideas for Spring Summer - Cute Spring Outfits
https://i.pinimg.com/originals/58/75/d6/5875d6fd3bce71077eeaab26ea377703.jpg,This contains an image of: Sua cartela √© Outono Suave? Ent√£o veja essas dicas - Fixbitt
https://i.pinimg.com/originals/c8/54/a4/c854a4c445f75f59b85fb53030c81fea.jpg,"SAV=FL For More Korean Fashion , korean girl style and outfit ideas #korean #fashion #style #outfit"
https://i.pinimg.com/originals/35/81/8a/35818a62a2ff58dadeac923a5e701fef.png,This contains an image of: Get the We Heart It app!
https://i.pinimg.com/originals/b1/96/c1/b196c132d1f4952550f490d8fe3d1bc7.jpg,"This contains an image of: Korean Women Fashion Style, Rate This Look 1-10"
https://i.pinimg.com/originals/6c/64/15/6c641513e580d5b41dcf77f215e6118d.jpg,read and find it outüòâ #fanfiction #Fanfiction #amreading #books #wattpad
https://i.pinimg.com/originals/ba/7a/2c/ba7a2cdbd7995c3956d7d0f272d13bff.jpg,This contains an image of: Beautiful girls photos || face hide poses for girls|| Girls photography ideas#Ipz
https://i.pinimg.com/originals/de/bc/ce/debcce286d4c1e5de67d56756d3ea75e.jpg,This contains an image of: valentine s outfit date valentines dresses valentines gift for boy friend february nails valentines
https://i.pinimg.com/originals/49/a6/b9/49a6b9471cd7a578be4d657f2c73bfbb.jpg,Bee Pretty
https://i.pinimg.com/originals/33/7e/1b/337e1b1b5dbebe2c58d8749e12073eb5.jpg,This contains an image of: Hats on
https://i.pinimg.com/originals/76/76/1c/76761c7791fab496f949560a9d68b82c.png,#festivaloutfits #springoutfits #summeroutfits
https://i.pinimg.com/originals/5e/42/74/5e4274afabfc0d476a0038eed7aea602.jpg,This contains an image of: AMAZON FINDS | Going Out Tops
